split,path_name_sentinel2,satellite,imagery_id,date,tile_id,saving_path,coordinates,if_fire,data_path,mask_path
train,../datasets/sentinel2/S2A_9UYR_20220801_0_L2A/20220801/tiles/3_2,sentinel2,S2A_9UYR_20220801_0_L2A,2022-08-01,3_2,../prepared_dataset/20220801/3_2,"POLYGON ((-125.97607529975805 50.30574779947244, -125.8683865696154 50.30289429674448, -125.8729107570619 50.233926287225614, -125.9804444984755 50.236772855913266, -125.97607529975805 50.30574779947244))",True,image_directory_20220801_0,mask_directory_20220801_0
train,../datasets/sentinel2/S2A_9UYR_20220801_0_L2A/20220801/tiles/3_4,sentinel2,S2A_9UYR_20220801_0_L2A,2022-08-01,3_4,../prepared_dataset/20220801/3_4,"POLYGON ((-125.7607154787941 50.29994118390697, -125.65306262838969 50.29688850061719, -125.65789652279332 50.22793508254463, -125.7653945658079 50.23098034961218, -125.7607154787941 50.29994118390697))",True,image_directory_20220801_1,mask_directory_20220801_1
train,../datasets/sentinel2/S2B_9UYR_20220809_0_L2A/20220809/tiles/12_6,sentinel2,S2B_9UYR_20220809_0_L2A,2022-08-09,12_6,../prepared_dataset/20220809/12_6,"POLYGON ((-125.58963785229653 49.67318196741235, -125.4833935974753 49.67000054328374, -125.48836092993919 49.60105188564833, -125.59445583014147 49.604225611114565, -125.58963785229653 49.67318196741235))",True,image_directory_20220809_2,mask_directory_20220809_2
train,../datasets/sentinel2/S2A_9UYR_20220920_0_L2A/20220920/tiles/8_7,sentinel2,S2A_9UYR_20220920_0_L2A,2022-09-20,8_7,../prepared_dataset/20220920/8_7,"POLYGON ((-125.46333176774317 49.94578322862888, -125.35650387832956 49.94247254399866, -125.36169996889305 49.87353669060245, -125.46837629296328 49.87683935226469, -125.46333176774317 49.94578322862888))",True,image_directory_20220920_3,mask_directory_20220920_3
train,../datasets/sentinel2/S2B_9UYQ_20220816_0_L2A/20220816/tiles/2_6,sentinel2,S2B_9UYQ_20220816_0_L2A,2022-08-16,2_6,../prepared_dataset/20220816/2_6,"POLYGON ((-125.6041482479572 49.46469315711875, -125.49835381680029 49.46153494367798, -125.50326381426284 49.39258268887598, -125.60891060567182 49.39573326840127, -125.6041482479572 49.46469315711875))",True,image_directory_20220816_4,mask_directory_20220816_4
train,../datasets/sentinel2/S2B_9UYR_20220809_0_L2A/20220809/tiles/13_13,sentinel2,S2B_9UYR_20220809_0_L2A,2022-08-09,13_13,../prepared_dataset/20220809/13_13,"POLYGON ((-124.85221166591536 49.57997261604244, -124.74626210937818 49.57612034802069, -124.7522490749777 49.50723077309362, -124.85805056643485 49.51107373193187, -124.85221166591536 49.57997261604244))",True,image_directory_20220809_5,mask_directory_20220809_5
train,../datasets/sentinel2/S2B_9UYR_20220809_0_L2A/20220809/tiles/12_7,sentinel2,S2B_9UYR_20220809_0_L2A,2022-08-09,12_7,../prepared_dataset/20220809/12_7,"POLYGON ((-125.4833935974753 49.67000054328374, -125.37716849646142 49.66672181510068, -125.38228508846116 49.59778109054588, -125.48836092993919 49.60105188564833, -125.4833935974753 49.67000054328374))",True,image_directory_20220809_6,mask_directory_20220809_6
test,../datasets/sentinel2/S2A_9UXR_20220920_0_L2A/20220920/tiles/3_12,sentinel2,S2A_9UXR_20220920_0_L2A,2022-09-20,3_12,../prepared_dataset/20220920/3_12,"POLYGON ((-126.300924835124 50.31374939214619, -126.19318655713849 50.311196502838385, -126.19724309801543 50.24220831658002, -126.30482613670658 50.24475500022902, -126.300924835124 50.31374939214619))",True,image_directory_20220920_7,mask_directory_20220920_7
test,../datasets/sentinel2/S2B_9UYQ_20221117_0_L2A/20221117/tiles/2_8,sentinel2,S2B_9UYQ_20221117_0_L2A,2022-11-17,2_8,../prepared_dataset/20221117/2_8,"POLYGON ((-125.3925782539561 49.458280132953284, -125.28682212315464 49.454928767448685, -125.29202711795432 49.38599247769147, -125.3976357980326 49.38933574453629, -125.3925782539561 49.458280132953284))",True,image_directory_20221117_8,mask_directory_20221117_8
test,../datasets/sentinel2/S2B_9UYR_20220730_0_L2A/20220730/tiles/3_4,sentinel2,S2B_9UYR_20220730_0_L2A,2022-07-30,3_4,../prepared_dataset/20220730/3_4,"POLYGON ((-125.7607154787941 50.29994118390697, -125.65306262838969 50.29688850061719, -125.65789652279332 50.22793508254463, -125.7653945658079 50.23098034961218, -125.7607154787941 50.29994118390697))",True,image_directory_20220730_9,mask_directory_20220730_9
val,../datasets/sentinel2/S2A_9UXR_20220725_0_L2A/20220725/tiles/12_12,sentinel2,S2A_9UXR_20220725_0_L2A,2022-07-25,12_12,../prepared_dataset/20220725/12_12,"POLYGON ((-126.33549777398379 49.69276234410219, -126.22913528434003 49.69026467345299, -126.23305295372381 49.62126696196615, -126.33926550124697 49.62375858363573, -126.33549777398379 49.69276234410219))",True,image_directory_20220725_10,mask_directory_20220725_10
val,../datasets/sentinel2/S2A_9UYR_20220831_0_L2A/20220831/tiles/8_0,sentinel2,S2A_9UYR_20220831_0_L2A,2022-08-31,8_0,../prepared_dataset/20220831/8_0,"POLYGON ((-126.21164136855504 49.96620477318144, -126.1046889866662 49.96358267621956, -126.10882216889075 49.89459564668051, -126.21562236229248 49.89721138392485, -126.21164136855504 49.96620477318144))",True,image_directory_20220831_11,mask_directory_20220831_11
train,../datasets/sentinel2/S2B_10UCV_20220714_1_L2A/20220714/tiles/11_12,sentinel2,S2B_10UCV_20220714_1_L2A,2022-07-14,11_12,../prepared_dataset/20220714/11_12,"POLYGON ((-130.4709735789061 48.88342653139165, -130.36624815948412 48.88471511302708, -130.364369925684 48.81564661291819, -130.46895149683627 48.8143611417254, -130.4709735789061 48.88342653139165))",False,image_directory_20220714_12,mask_directory_20220714_12
train,../datasets/sentinel2/S2B_10UCA_20221015_0_L2A/20221015/tiles/13_0,sentinel2,S2B_10UCA_20221015_0_L2A,2022-10-15,13_0,../prepared_dataset/20221015/13_0,"POLYGON ((-131.76915964966864 49.62121401803501, -131.66294740977278 49.623707667857836, -131.65919104304243 49.554702993566934, -131.76525391638575 49.552215380669296, -131.76915964966864 49.62121401803501))",False,image_directory_20221015_13,mask_directory_20221015_13
train,../datasets/sentinel2/S2A_10UDU_20220808_0_L2A/20220808/tiles/3_0,sentinel2,S2A_10UDU_20220808_0_L2A,2022-08-08,3_0,../prepared_dataset/20220808/3_0,"POLYGON ((-130.35525946446558 48.53776401597783, -130.25124407808562 48.538941645820074, -130.24954467802087 48.469865812458856, -130.35341889514635 48.46869102106859, -130.35525946446558 48.53776401597783))",False,image_directory_20220808_14,mask_directory_20220808_14
train,../datasets/sentinel2/S2B_9UYR_20221117_0_L2A/20221117/tiles/5_3,sentinel2,S2B_9UYR_20221117_0_L2A,2022-11-17,5_3,../prepared_dataset/20221117/5_3,"POLYGON ((-125.87741739424553 50.164957158072596, -125.7700555044756 50.16201837514725, -125.77469838633546 50.09305526181135, -125.88190656970957 50.09598691047528, -125.87741739424553 50.164957158072596))",False,image_directory_20221117_15,mask_directory_20221117_15
train,../datasets/sentinel2/S2A_9UYR_20220801_0_L2A/20220801/tiles/8_9,sentinel2,S2A_9UYR_20220801_0_L2A,2022-08-01,8_9,../prepared_dataset/20220801/8_9,"POLYGON ((-125.24969611329794 49.93906365500094, -125.14290905557874 49.9355566068297, -125.1484079720491 49.8666375096811, -125.25504366857342 49.87013606141308, -125.24969611329794 49.93906365500094))",False,image_directory_20220801_16,mask_directory_20220801_16
train,../datasets/sentinel2/S2B_10UDB_20221015_0_L2A/20221015/tiles/12_2,sentinel2,S2B_10UDB_20221015_0_L2A,2022-10-15,12_2,../prepared_dataset/20221015/12_2,"POLYGON ((-130.1969619519164 50.61628998645416, -130.08842614536755 50.6173545795149, -130.0868353937174 50.54829966807324, -130.19521266144085 50.54723767054618, -130.1969619519164 50.61628998645416))",False,image_directory_20221015_17,mask_directory_20221015_17
train,../datasets/sentinel2/S2A_10UCA_20220831_0_L2A/20220831/tiles/9_3,sentinel2,S2A_10UCA_20220831_0_L2A,2022-08-31,9_3,../prepared_dataset/20220831/9_3,"POLYGON ((-131.46444375709842 49.904456943937156, -131.35758570791415 49.90667987393794, -131.35422643591158 49.83766246534094, -131.46093259223022 49.835444926865776, -131.46444375709842 49.904456943937156))",False,image_directory_20220831_18,mask_directory_20220831_18
train,../datasets/sentinel2/S2B_10UCV_20221002_0_L2A/20221002/tiles/11_10,sentinel2,S2B_10UCV_20221002_0_L2A,2022-10-02,11_10,../prepared_dataset/20221002/11_10,"POLYGON ((-130.68040073731856 48.880564165634986, -130.5756912874563 48.882042876327525, -130.57352539467144 48.81298082641985, -130.67809107403681 48.81150568472108, -130.68040073731856 48.880564165634986))",False,image_directory_20221002_19,mask_directory_20221002_19
train,../datasets/sentinel2/S2A_10UCA_20220725_0_L2A/20220725/tiles/10_4,sentinel2,S2A_10UCA_20220725_0_L2A,2022-07-25,10_4,../prepared_dataset/20220725/10_4,"POLYGON ((-131.35422643591158 49.83766246534094, -131.2475073268067 49.83978183526193, -131.2443123811158 49.77075829587836, -131.35088011677016 49.76864406470351, -131.35422643591158 49.83766246534094))",False,image_directory_20220725_20,mask_directory_20220725_20
train,../datasets/sentinel2/S2B_9UXR_20221008_0_L2A/20221008/tiles/1_11,sentinel2,S2B_9UXR_20221008_0_L2A,2022-10-08,1_11,../prepared_dataset/20221008/1_11,"POLYGON ((-126.40114244090718 50.45420015315819, -126.29307649574181 50.45173504060452, -126.29700831398253 50.38274273920265, -126.40491773175115 50.38520185350169, -126.40114244090718 50.45420015315819))",False,image_directory_20221008_21,mask_directory_20221008_21
train,../datasets/sentinel2/S2A_10UCV_20220920_0_L2A/20220920/tiles/0_0,sentinel2,S2A_10UCV_20220920_0_L2A,2022-09-20,0_0,../prepared_dataset/20220920/0_0,"POLYGON ((-131.76906793699982 49.61959687453513, -131.6628592044407 49.62209038267372, -131.65910317633998 49.553085684076976, -131.76516255576632 49.55059821246704, -131.76906793699982 49.61959687453513))",False,image_directory_20220920_22,mask_directory_20220920_22
train,../datasets/sentinel2/S2B_10UDB_20221002_0_L2A/20221002/tiles/13_2,sentinel2,S2B_10UDB_20221002_0_L2A,2022-10-02,13_2,../prepared_dataset/20221002/13_2,"POLYGON ((-130.19521266144085 50.54723767054618, -130.0868353937174 50.54829966807324, -130.08525085460448 50.47924389696478, -130.19347020227806 50.478184487437716, -130.19521266144085 50.54723767054618))",False,image_directory_20221002_23,mask_directory_20221002_23
train,../datasets/sentinel2/S2B_9UYQ_20221117_0_L2A/20221117/tiles/0_8,sentinel2,S2B_9UYQ_20221117_0_L2A,2022-11-17,0_8,../prepared_dataset/20221117/0_8,"POLYGON ((-125.38240477279625 49.59616527775322, -125.27635204855254 49.5927976470634, -125.28159713312724 49.52386382450529, -125.38750127772715 49.52722331125193, -125.38240477279625 49.59616527775322))",False,image_directory_20221117_24,mask_directory_20221117_24
train,../datasets/sentinel2/S2A_10UCA_20220920_0_L2A/20220920/tiles/13_3,sentinel2,S2A_10UCA_20220920_0_L2A,2022-09-20,13_3,../prepared_dataset/20220920/13_3,"POLYGON ((-131.45048004952844 49.628402834406735, -131.34422607870374 49.63060428938158, -131.3409182317044 49.56158291573155, -131.44702262878022 49.559386791831336, -131.45048004952844 49.628402834406735))",False,image_directory_20220920_25,mask_directory_20220920_25
train,../datasets/sentinel2/S2B_9UXR_20220730_0_L2A/20220730/tiles/8_13,sentinel2,S2B_9UXR_20220730_0_L2A,2022-07-30,8_13,../prepared_dataset/20220730/8_13,"POLYGON ((-126.21331262354327 49.96624496182609, -126.1063599959208 49.96362440396579, -126.11049080080998 49.89463727322433, -126.21729123871425 49.89725147508932, -126.21331262354327 49.96624496182609))",False,image_directory_20220730_26,mask_directory_20220730_26
train,../datasets/sentinel2/S2A_9UYR_20220801_0_L2A/20220801/tiles/11_0,sentinel2,S2A_9UYR_20220801_0_L2A,2022-08-01,11_0,../prepared_dataset/20220801/11_0,"POLYGON ((-126.22353834592882 49.75922143301064, -126.11704077731176 49.75661836131325, -126.12112636240417 49.68762810740147, -126.22747348892672 49.69022487307973, -126.22353834592882 49.75922143301064))",False,image_directory_20220801_27,mask_directory_20220801_27
train,../datasets/sentinel2/S2B_9UYQ_20221015_0_L2A/20221015/tiles/1_6,sentinel2,S2B_9UYQ_20221015_0_L2A,2022-10-15,1_6,../prepared_dataset/20221015/1_6,"POLYGON ((-125.59936758619574 49.5336518789614, -125.49342495091854 49.53048601030398, -125.49835381680029 49.46153494367798, -125.6041482479572 49.46469315711875, -125.59936758619574 49.5336518789614))",False,image_directory_20221015_28,mask_directory_20221015_28
train,../datasets/sentinel2/S2A_9UYR_20220725_0_L2A/20220725/tiles/5_3,sentinel2,S2A_9UYR_20220725_0_L2A,2022-07-25,5_3,../prepared_dataset/20220725/5_3,"POLYGON ((-125.87741739424553 50.164957158072596, -125.7700555044756 50.16201837514725, -125.77469838633546 50.09305526181135, -125.88190656970957 50.09598691047528, -125.87741739424553 50.164957158072596))",False,image_directory_20220725_29,mask_directory_20220725_29
train,../datasets/sentinel2/S2B_10UDB_20221015_0_L2A/20221015/tiles/12_3,sentinel2,S2B_10UDB_20221015_0_L2A,2022-10-15,12_3,../prepared_dataset/20221015/12_3,"POLYGON ((-130.08842614536755 50.6173545795149, -129.9798840944127 50.618318077427745, -129.97845191349404 50.54926081682708, -130.0868353937174 50.54829966807324, -130.08842614536755 50.6173545795149))",False,image_directory_20221015_30,mask_directory_20221015_30
train,../datasets/sentinel2/S2A_10UCA_20220831_0_L2A/20220831/tiles/10_2,sentinel2,S2A_10UCA_20220831_0_L2A,2022-08-31,10_2,../prepared_dataset/20220831/10_2,"POLYGON ((-131.5676252116484 49.83312924920604, -131.46093259223022 49.835444926865776, -131.4574349643406 49.766431902520914, -131.5639763426184 49.76412183856409, -131.5676252116484 49.83312924920604))",False,image_directory_20220831_31,mask_directory_20220831_31
train,../datasets/sentinel2/S2A_10UCA_20220801_0_L2A/20220801/tiles/0_13,sentinel2,S2A_10UCA_20220801_0_L2A,2022-08-01,0_13,../prepared_dataset/20220801/0_13,"POLYGON ((-130.41360693401623 50.54371178778923, -130.30524653977116 50.54497696516418, -130.30334384498218 50.475926648189116, -130.41154640225076 50.474664553619796, -130.41360693401623 50.54371178778923))",False,image_directory_20220801_32,mask_directory_20220801_32
train,../datasets/sentinel2/S2A_10UCV_20220808_1_L2A/20220808/tiles/4_11,sentinel2,S2A_10UCV_20220808_1_L2A,2022-08-08,4_11,../prepared_dataset/20220808/4_11,"POLYGON ((-130.59108606844035 49.365451930188854, -130.48534619449734 49.36685922256808, -130.48326933293248 49.29780009222059, -130.5888615044706 49.296396204691675, -130.59108606844035 49.365451930188854))",False,image_directory_20220808_33,mask_directory_20220808_33
train,../datasets/sentinel2/S2A_10UCA_20220920_0_L2A/20220920/tiles/2_0,sentinel2,S2A_10UCA_20220920_0_L2A,2022-09-20,2_0,../prepared_dataset/20220920/2_0,"POLYGON ((-131.81313343395107 50.38012924839975, -131.70523963833017 50.38269044418478, -131.70131986966277 50.313697224311866, -131.80905782415692 50.31114225711468, -131.81313343395107 50.38012924839975))",False,image_directory_20220920_34,mask_directory_20220920_34
train,../datasets/sentinel2/S2B_10UDV_20220902_0_L2A/20220902/tiles/9_2,sentinel2,S2B_10UDV_20220902_0_L2A,2022-09-02,9_2,../prepared_dataset/20220902/9_2,"POLYGON ((-130.15833435571176 49.02516893243605, -130.05329946296735 49.02617556973663, -130.0518441775927 48.95710080609475, -130.15673402480672 48.956096600571826, -130.15833435571176 49.02516893243605))",False,image_directory_20220902_35,mask_directory_20220902_35
train,../datasets/sentinel2/S2B_9UXR_20220925_0_L2A/20220925/tiles/7_10,sentinel2,S2B_9UXR_20220925_0_L2A,2022-09-25,7_10,../prepared_dataset/20220925/7_10,"POLYGON ((-126.53072546631321 50.04252549889773, -126.42357531752924 50.04019494355489, -126.42726357513628 49.97119048410589, -126.53426072158169 49.97351538277243, -126.53072546631321 50.04252549889773))",False,image_directory_20220925_36,mask_directory_20220925_36
train,../datasets/sentinel2/S2A_10UDV_20220927_0_L2A/20220927/tiles/13_0,sentinel2,S2A_10UDV_20220927_0_L2A,2022-09-27,13_0,../prepared_dataset/20220927/13_0,"POLYGON ((-130.36086691419717 48.74659651342875, -130.25642144612416 48.74778277206414, -130.25470245951564 48.67870959245765, -130.35900513255066 48.67752619563392, -130.36086691419717 48.74659651342875))",False,image_directory_20220927_37,mask_directory_20220927_37
train,../datasets/sentinel2/S2B_10UCV_20220714_0_L2A/20220714/tiles/2_3,sentinel2,S2B_10UCV_20220714_0_L2A,2022-07-14,2_3,../prepared_dataset/20220714/2_3,"POLYGON ((-131.4434979136637 49.488752145273395, -131.33754600309172 49.49094282859376, -131.33426378190975 49.421919452331444, -131.4400672744555 49.41973406998922, -131.4434979136637 49.488752145273395))",False,image_directory_20220714_38,mask_directory_20220714_38
train,../datasets/sentinel2/S2A_10UCV_20220920_0_L2A/20220920/tiles/0_3,sentinel2,S2A_10UCV_20220920_0_L2A,2022-09-20,0_3,../prepared_dataset/20220920/0_3,"POLYGON ((-131.45039886387588 49.62678528241335, -131.3441484052604 49.62898661226988, -131.3408408565637 49.559965215411495, -131.44694175488345 49.557769216279155, -131.45039886387588 49.62678528241335))",False,image_directory_20220920_39,mask_directory_20220920_39
train,../datasets/sentinel2/S2A_10UCA_20220722_0_L2A/20220722/tiles/4_0,sentinel2,S2A_10UCA_20220722_0_L2A,2022-07-22,4_0,../prepared_dataset/20220722/4_0,"POLYGON ((-131.80499804996853 50.24215420271168, -131.69741533313228 50.24470295921284, -131.69352595167516 50.17570764968019, -131.80095403128627 50.17316508607871, -131.80499804996853 50.24215420271168))",False,image_directory_20220722_40,mask_directory_20220722_40
train,../datasets/sentinel2/S2B_10UCA_20221015_0_L2A/20221015/tiles/12_1,sentinel2,S2B_10UCA_20221015_0_L2A,2022-10-15,12_1,../prepared_dataset/20221015/12_1,"POLYGON ((-131.6667182615779 49.69271130470846, -131.56034152370555 49.69511340543029, -131.55672068488488 49.62610395048589, -131.66294740977278 49.623707667857836, -131.6667182615779 49.69271130470846))",False,image_directory_20221015_41,mask_directory_20221015_41
train,../datasets/sentinel2/S2B_10UCV_20221015_0_L2A/20221015/tiles/3_2,sentinel2,S2B_10UCV_20221015_0_L2A,2022-10-15,3_2,../prepared_dataset/20221015/3_2,"POLYGON ((-131.54585763037568 49.41745196849377, -131.4400672744555 49.41973406998922, -131.43664977194712 49.350714991018414, -131.54229234162088 49.34843840920045, -131.54585763037568 49.41745196849377))",False,image_directory_20221015_42,mask_directory_20221015_42
train,../datasets/sentinel2/S2A_10UDB_20220808_0_L2A/20220808/tiles/10_3,sentinel2,S2A_10UDB_20220808_0_L2A,2022-08-08,10_3,../prepared_dataset/20220808/10_3,"POLYGON ((-130.09162641413099 50.755461824242396, -129.98276535198525 50.75643004107918, -129.98132189759875 50.687374485428144, -130.0900231414613 50.68640863150005, -130.09162641413099 50.755461824242396))",False,image_directory_20220808_43,mask_directory_20220808_43
train,../datasets/sentinel2/S2B_9UXR_20220925_0_L2A/20220925/tiles/6_13,sentinel2,S2B_9UXR_20220925_0_L2A,2022-09-25,6_13,../prepared_dataset/20220925/6_13,"POLYGON ((-126.20530903024128 50.10422875938876, -126.09805025632478 50.10159543520211, -126.10221317468839 50.03261045828078, -126.20931857999868 50.03523739021615, -126.20530903024128 50.10422875938876))",False,image_directory_20220925_44,mask_directory_20220925_44
train,../datasets/sentinel2/S2B_10UCA_20220809_0_L2A/20220809/tiles/9_3,sentinel2,S2B_10UCA_20220809_0_L2A,2022-08-09,9_3,../prepared_dataset/20220809/9_3,"POLYGON ((-131.46444375709842 49.904456943937156, -131.35758570791415 49.90667987393794, -131.35422643591158 49.83766246534094, -131.46093259223022 49.835444926865776, -131.46444375709842 49.904456943937156))",False,image_directory_20220809_45,mask_directory_20220809_45
train,../datasets/sentinel2/S2A_10UCV_20220907_0_L2A/20220907/tiles/4_2,sentinel2,S2A_10UCV_20220907_0_L2A,2022-09-07,4_2,../prepared_dataset/20220907/4_2,"POLYGON ((-131.54229234162088 49.34843840920045, -131.43664977194712 49.350714991018414, -131.43324534127248 49.28169490895135, -131.5387406883842 49.27942383148767, -131.54229234162088 49.34843840920045))",False,image_directory_20220907_46,mask_directory_20220907_46
train,../datasets/sentinel2/S2A_10UDV_20220920_0_L2A/20220920/tiles/9_3,sentinel2,S2A_10UDV_20220920_0_L2A,2022-09-20,9_3,../prepared_dataset/20220920/9_3,"POLYGON ((-130.05329946296735 49.02617556973663, -129.94825900733412 49.027086613371665, -129.94694879469552 48.95800964879779, -130.0518441775927 48.95710080609475, -130.05329946296735 49.02617556973663))",False,image_directory_20220920_47,mask_directory_20220920_47
train,../datasets/sentinel2/S2B_9UYR_20221117_0_L2A/20221117/tiles/3_4,sentinel2,S2B_9UYR_20221117_0_L2A,2022-11-17,3_4,../prepared_dataset/20221117/3_4,"POLYGON ((-125.7607154787941 50.29994118390697, -125.65306262838969 50.29688850061719, -125.65789652279332 50.22793508254463, -125.7653945658079 50.23098034961218, -125.7607154787941 50.29994118390697))",False,image_directory_20221117_48,mask_directory_20221117_48
train,../datasets/sentinel2/S2A_10UCA_20220801_0_L2A/20220801/tiles/2_10,sentinel2,S2A_10UCA_20220801_0_L2A,2022-08-01,2_10,../prepared_dataset/20220801/2_10,"POLYGON ((-130.7335794962074 50.40123760456588, -130.62555998048137 50.40279749031352, -130.62320238464642 50.333755348773444, -130.73106542150086 50.3321992597973, -130.7335794962074 50.40123760456588))",False,image_directory_20220801_49,mask_directory_20220801_49
train,../datasets/sentinel2/S2A_10UCA_20220831_0_L2A/20220831/tiles/3_1,sentinel2,S2A_10UCA_20220831_0_L2A,2022-08-31,3_1,../prepared_dataset/20220831/3_1,"POLYGON ((-131.70131986966277 50.313697224311866, -131.59356668312174 50.316152436224776, -131.58981746131198 50.247152202293584, -131.69741533313228 50.24470295921284, -131.70131986966277 50.313697224311866))",False,image_directory_20220831_50,mask_directory_20220831_50
train,../datasets/sentinel2/S2B_9UWS_20221001_0_L2A/20221001/tiles/10_12,sentinel2,S2B_9UWS_20221001_0_L2A,2022-10-01,10_12,../prepared_dataset/20221001/10_12,"POLYGON ((-127.69378895077142 50.753255603285176, -127.58494847470458 50.751985570556435, -127.58702642068654 50.68294086072331, -127.69570718405086 50.68420779440664, -127.69378895077142 50.753255603285176))",False,image_directory_20221001_51,mask_directory_20221001_51
train,../datasets/sentinel2/S2A_9UYR_20221003_0_L2A/20221003/tiles/1_13,sentinel2,S2A_9UYR_20221003_0_L2A,2022-10-03,1_13,../prepared_dataset/20221003/1_13,"POLYGON ((-124.78036006214414 50.406654489895594, -124.67258884117722 50.402688440857844, -124.6788599073965 50.33381535362383, -124.78647609491422 50.337771771769056, -124.78036006214414 50.406654489895594))",False,image_directory_20221003_52,mask_directory_20221003_52
train,../datasets/sentinel2/S2B_9UXR_20221008_0_L2A/20221008/tiles/6_13,sentinel2,S2B_9UXR_20221008_0_L2A,2022-10-08,6_13,../prepared_dataset/20221008/6_13,"POLYGON ((-126.20530903024128 50.10422875938876, -126.09805025632478 50.10159543520211, -126.10221317468839 50.03261045828078, -126.20931857999868 50.03523739021615, -126.20530903024128 50.10422875938876))",False,image_directory_20221008_53,mask_directory_20221008_53
train,../datasets/sentinel2/S2B_10UCV_20220925_0_L2A/20220925/tiles/2_0,sentinel2,S2B_10UCV_20220925_0_L2A,2022-09-25,2_0,../prepared_dataset/20220925/2_0,"POLYGON ((-131.7612721571526 49.481598496865345, -131.65536155972876 49.48407994882067, -131.65163428320477 49.41507317766499, -131.75739666694184 49.41259772857895, -131.7612721571526 49.481598496865345))",False,image_directory_20220925_54,mask_directory_20220925_54
train,../datasets/sentinel2/S2A_9UYR_20220801_0_L2A/20220801/tiles/5_3,sentinel2,S2A_9UYR_20220801_0_L2A,2022-08-01,5_3,../prepared_dataset/20220801/5_3,"POLYGON ((-125.87741739424553 50.164957158072596, -125.7700555044756 50.16201837514725, -125.77469838633546 50.09305526181135, -125.88190656970957 50.09598691047528, -125.87741739424553 50.164957158072596))",False,image_directory_20220801_55,mask_directory_20220801_55
train,../datasets/sentinel2/S2B_9UYQ_20221117_0_L2A/20221117/tiles/1_3,sentinel2,S2B_9UYQ_20221117_0_L2A,2022-11-17,1_3,../prepared_dataset/20221117/1_3,"POLYGON ((-125.91730358993074 49.54256809438249, -125.81130747378104 49.53969296056276, -125.81579145711164 49.470719628374404, -125.9216391045283 49.47358780742855, -125.91730358993074 49.54256809438249))",False,image_directory_20221117_56,mask_directory_20221117_56
train,../datasets/sentinel2/S2A_10UCV_20220808_0_L2A/20220808/tiles/4_2,sentinel2,S2A_10UCV_20220808_0_L2A,2022-08-08,4_2,../prepared_dataset/20220808/4_2,"POLYGON ((-131.54229234162088 49.34843840920045, -131.43664977194712 49.350714991018414, -131.43324534127248 49.28169490895135, -131.5387406883842 49.27942383148767, -131.54229234162088 49.34843840920045))",False,image_directory_20220808_57,mask_directory_20220808_57
train,../datasets/sentinel2/S2B_10UCA_20221015_0_L2A/20221015/tiles/11_4,sentinel2,S2B_10UCA_20221015_0_L2A,2022-10-15,11_4,../prepared_dataset/20221015/11_4,"POLYGON ((-131.35088011677016 49.76864406470351, -131.2443123811158 49.77075829587836, -131.24112974192582 49.70173377945951, -131.34754668578682 49.69962467254448, -131.35088011677016 49.76864406470351))",False,image_directory_20221015_58,mask_directory_20221015_58
train,../datasets/sentinel2/S2A_10UCU_20220818_0_L2A/20220818/tiles/2_12,sentinel2,S2A_10UCU_20220818_0_L2A,2022-08-18,2_12,../prepared_dataset/20220818/2_12,"POLYGON ((-130.4628843770329 48.605540814876925, -130.3587344156348 48.60681693325166, -130.35688465087512 48.537744870064095, -130.4608929423896 48.53647182827095, -130.4628843770329 48.605540814876925))",False,image_directory_20220818_59,mask_directory_20220818_59
train,../datasets/sentinel2/S2B_10UDV_20220902_0_L2A/20220902/tiles/6_1,sentinel2,S2B_10UDV_20220902_0_L2A,2022-09-02,6_1,../prepared_dataset/20220902/6_1,"POLYGON ((-130.26863932846285 49.2312704579351, -130.1631721714057 49.2323807077563, -130.16155339879103 49.1633109859299, -130.26687387025856 49.162203420798754, -130.26863932846285 49.2312704579351))",False,image_directory_20220902_60,mask_directory_20220902_60
train,../datasets/sentinel2/S2A_9UXR_20220725_0_L2A/20220725/tiles/1_11,sentinel2,S2A_9UXR_20220725_0_L2A,2022-07-25,1_11,../prepared_dataset/20220725/1_11,"POLYGON ((-126.40114244090718 50.45420015315819, -126.29307649574181 50.45173504060452, -126.29700831398253 50.38274273920265, -126.40491773175115 50.38520185350169, -126.40114244090718 50.45420015315819))",False,image_directory_20220725_61,mask_directory_20220725_61
train,../datasets/sentinel2/S2A_9UXR_20220725_0_L2A/20220725/tiles/0_2,sentinel2,S2A_9UXR_20220725_0_L2A,2022-07-25,0_2,../prepared_dataset/20220725/0_2,"POLYGON ((-127.37195419256112 50.540910644801805, -127.26361968263286 50.53934523141498, -127.26615018068891 50.470308635792115, -127.37432698558553 50.471870235477795, -127.37195419256112 50.540910644801805))",False,image_directory_20220725_62,mask_directory_20220725_62
train,../datasets/sentinel2/S2B_9UYR_20221015_0_L2A/20221015/tiles/13_9,sentinel2,S2B_9UYR_20221015_0_L2A,2022-10-15,13_9,../prepared_dataset/20221015/13_9,"POLYGON ((-125.27622887507313 49.594413268709154, -125.1701928584716 49.59094846429792, -125.17558690813111 49.52202304854177, -125.28147443181047 49.52547947510624, -125.27622887507313 49.594413268709154))",False,image_directory_20221015_63,mask_directory_20221015_63
train,../datasets/sentinel2/S2A_9UXR_20220920_0_L2A/20220920/tiles/3_9,sentinel2,S2A_9UXR_20220920_0_L2A,2022-09-20,3_9,../prepared_dataset/20220920/3_9,"POLYGON ((-126.62422856930726 50.32080939353398, -126.5164464454847 50.3185558698158, -126.52003704052083 50.24954979233711, -126.62766370317739 50.251797836455616, -126.62422856930726 50.32080939353398))",False,image_directory_20220920_64,mask_directory_20220920_64
train,../datasets/sentinel2/S2A_9UXR_20220725_0_L2A/20220725/tiles/3_10,sentinel2,S2A_9UXR_20220725_0_L2A,2022-07-25,3_10,../prepared_dataset/20220725/3_10,"POLYGON ((-126.5164464454847 50.3185558698158, -126.40867833257835 50.3162025254683, -126.41242431786706 50.24720216975947, -126.52003704052083 50.24954979233711, -126.5164464454847 50.3185558698158))",False,image_directory_20220725_65,mask_directory_20220725_65
train,../datasets/sentinel2/S2A_9UXR_20220725_0_L2A/20220725/tiles/7_12,sentinel2,S2A_9UXR_20220725_0_L2A,2022-07-25,7_12,../prepared_dataset/20220725/7_12,"POLYGON ((-126.31643949143137 50.03776556320229, -126.20931857999868 50.03523739021615, -126.21331262354327 49.96624496182609, -126.32028067944972 49.9687669997153, -126.31643949143137 50.03776556320229))",False,image_directory_20220725_66,mask_directory_20220725_66
train,../datasets/sentinel2/S2A_9UXR_20220920_0_L2A/20220920/tiles/6_13,sentinel2,S2A_9UXR_20220920_0_L2A,2022-09-20,6_13,../prepared_dataset/20220920/6_13,"POLYGON ((-126.20530903024128 50.10422875938876, -126.09805025632478 50.10159543520211, -126.10221317468839 50.03261045828078, -126.20931857999868 50.03523739021615, -126.20530903024128 50.10422875938876))",False,image_directory_20220920_67,mask_directory_20220920_67
train,../datasets/sentinel2/S2B_10UDU_20220902_0_L2A/20220902/tiles/0_1,sentinel2,S2B_10UDU_20220902_0_L2A,2022-09-02,0_1,../prepared_dataset/20220902/0_1,"POLYGON ((-130.25638108263476 48.74616387946116, -130.15193242649036 48.74725542899212, -130.15035640690996 48.67817959538673, -130.25466224896843 48.677090679284284, -130.25638108263476 48.74616387946116))",False,image_directory_20220902_68,mask_directory_20220902_68
train,../datasets/sentinel2/S2A_10UDU_20220808_0_L2A/20220808/tiles/0_4,sentinel2,S2A_10UDU_20220808_0_L2A,2022-08-08,0_4,../prepared_dataset/20220808/0_4,"POLYGON ((-129.94301766388796 48.74915454749164, -129.8385526442991 48.74996209212085, -129.83740523109327 48.68087972803919, -129.9417273571734 48.680074131878804, -129.94301766388796 48.74915454749164))",False,image_directory_20220808_69,mask_directory_20220808_69
train,../datasets/sentinel2/S2B_9UYR_20220809_0_L2A/20220809/tiles/9_1,sentinel2,S2B_9UYR_20220809_0_L2A,2022-08-09,9_1,../prepared_dataset/20220809/9_1,"POLYGON ((-126.10882216889075 49.89459564668051, -126.00203792064691 49.89188166298838, -126.00630668135425 49.822900136894816, -126.11293940586515 49.82560754139166, -126.10882216889075 49.89459564668051))",False,image_directory_20220809_70,mask_directory_20220809_70
train,../datasets/sentinel2/S2A_9UXR_20220725_0_L2A/20220725/tiles/3_7,sentinel2,S2A_9UXR_20220725_0_L2A,2022-07-25,3_7,../prepared_dataset/20220725/3_7,"POLYGON ((-126.8398324290912 50.32501685914232, -126.73202409901268 50.32296306630359, -126.73530370385289 50.25394627193798, -126.84295644009124 50.2559950699378, -126.8398324290912 50.32501685914232))",False,image_directory_20220725_71,mask_directory_20220725_71
train,../datasets/sentinel2/S2B_10UDV_20220902_0_L2A/20220902/tiles/9_1,sentinel2,S2B_10UDV_20220902_0_L2A,2022-09-02,9_1,../prepared_dataset/20220902/9_1,"POLYGON ((-130.26336313143955 49.024066714481826, -130.15833435571176 49.02516893243605, -130.15673402480672 48.956096600571826, -130.2616177849173 48.95499704518165, -130.26336313143955 49.024066714481826))",False,image_directory_20220902_72,mask_directory_20220902_72
train,../datasets/sentinel2/S2A_9UYR_20220801_0_L2A/20220801/tiles/10_8,sentinel2,S2A_9UYR_20220801_0_L2A,2022-08-01,10_8,../prepared_dataset/20220801/10_8,"POLYGON ((-125.3668760355906 49.8045996168394, -125.2603706199349 49.801207224147745, -125.26567707018853 49.732277145052215, -125.37203217836218 49.73566132443381, -125.3668760355906 49.8045996168394))",False,image_directory_20220801_73,mask_directory_20220801_73
train,../datasets/sentinel2/S2A_10UDB_20220808_0_L2A/20220808/tiles/10_0,sentinel2,S2A_10UDB_20220808_0_L2A,2022-08-08,10_0,../prepared_dataset/20220808/10_0,"POLYGON ((-130.41816923397977 50.75194769327693, -130.30932898336556 50.75322063502455, -130.3074061744288 50.684172911475365, -130.41608671349667 50.68290307586673, -130.41816923397977 50.75194769327693))",False,image_directory_20220808_74,mask_directory_20220808_74
train,../datasets/sentinel2/S2A_10UDB_20220920_0_L2A/20220920/tiles/13_0,sentinel2,S2A_10UDB_20220920_0_L2A,2022-09-20,13_0,../prepared_dataset/20220920/13_0,"POLYGON ((-130.41194608454668 50.54481118820517, -130.3035830978925 50.546074838662335, -130.3016827535145 50.477024489146075, -130.40988789293854 50.47576391779875, -130.41194608454668 50.54481118820517))",False,image_directory_20220920_75,mask_directory_20220920_75
train,../datasets/sentinel2/S2A_10UDB_20220811_0_L2A/20220811/tiles/11_4,sentinel2,S2A_10UDB_20220811_0_L2A,2022-08-11,11_4,../prepared_dataset/20220811/11_4,"POLYGON ((-129.98132189759875 50.687374485428144, -129.87261500256994 50.688238983942114, -129.87133642122438 50.61918046708183, -129.9798840944127 50.618318077427745, -129.98132189759875 50.687374485428144))",False,image_directory_20220811_76,mask_directory_20220811_76
train,../datasets/sentinel2/S2B_9UXR_20221117_0_L2A/20221117/tiles/10_11,sentinel2,S2B_9UXR_20221117_0_L2A,2022-11-17,10_11,../prepared_dataset/20221117/10_11,"POLYGON ((-126.4345974092563 49.833178493272115, -126.32791861025592 49.83076675069626, -126.33171550126762 49.76176506671117, -126.43824312813834 49.76417096325747, -126.4345974092563 49.833178493272115))",False,image_directory_20221117_77,mask_directory_20221117_77
train,../datasets/sentinel2/S2B_10UDB_20221002_0_L2A/20221002/tiles/9_4,sentinel2,S2B_10UDB_20221002_0_L2A,2022-10-02,9_4,../prepared_dataset/20221002/9_4,"POLYGON ((-129.98421448671044 50.82548474463538, -129.87518726803498 50.82635347941536, -129.87389860953527 50.75729665462393, -129.98276535198525 50.75643004107918, -129.98421448671044 50.82548474463538))",False,image_directory_20221002_78,mask_directory_20221002_78
train,../datasets/sentinel2/S2B_9UYR_20220730_0_L2A/20220730/tiles/5_1,sentinel2,S2B_9UYR_20220730_0_L2A,2022-07-30,5_1,../prepared_dataset/20220730/5_1,"POLYGON ((-126.09219296293833 50.17053730067159, -125.98479674563274 50.16779681257179, -125.98913212677263 50.09881967053217, -126.09637446480545 50.101553504186, -126.09219296293833 50.17053730067159))",False,image_directory_20220730_79,mask_directory_20220730_79
train,../datasets/sentinel2/S2B_10UDV_20220714_1_L2A/20220714/tiles/13_0,sentinel2,S2B_10UDV_20220714_1_L2A,2022-07-14,13_0,../prepared_dataset/20220714/13_0,"POLYGON ((-130.36086691419717 48.74659651342875, -130.25642144612416 48.74778277206414, -130.25470245951564 48.67870959245765, -130.35900513255066 48.67752619563392, -130.36086691419717 48.74659651342875))",False,image_directory_20220714_80,mask_directory_20220714_80
train,../datasets/sentinel2/S2A_9UYQ_20220725_0_L2A/20220725/tiles/3_13,sentinel2,S2A_9UYQ_20220725_0_L2A,2022-07-25,3_13,../prepared_dataset/20220725/3_13,"POLYGON ((-124.86979695540464 49.37165707483057, -124.76429334720558 49.36783287345699, -124.77021137339162 49.29893920117078, -124.8755686082612 49.30275417125755, -124.86979695540464 49.37165707483057))",False,image_directory_20220725_81,mask_directory_20220725_81
train,../datasets/sentinel2/S2B_10UCV_20220714_0_L2A/20220714/tiles/5_4,sentinel2,S2B_10UCV_20220714_0_L2A,2022-07-14,5_4,../prepared_dataset/20220714/5_4,"POLYGON ((-131.3277369868242 49.28386973352775, -131.2222161863933 49.285948276915654, -131.2191182756203 49.21691691075663, -131.32449228918773 49.2148433920117, -131.3277369868242 49.28386973352775))",False,image_directory_20220714_82,mask_directory_20220714_82
train,../datasets/sentinel2/S2B_10UCA_20220730_0_L2A/20220730/tiles/2_0,sentinel2,S2B_10UCA_20220730_0_L2A,2022-07-30,2_0,../prepared_dataset/20220730/2_0,"POLYGON ((-131.81313343395107 50.38012924839975, -131.70523963833017 50.38269044418478, -131.70131986966277 50.313697224311866, -131.80905782415692 50.31114225711468, -131.81313343395107 50.38012924839975))",False,image_directory_20220730_83,mask_directory_20220730_83
train,../datasets/sentinel2/S2A_9UXR_20220920_0_L2A/20220920/tiles/2_6,sentinel2,S2A_9UXR_20220920_0_L2A,2022-09-20,2_6,../prepared_dataset/20220920/2_6,"POLYGON ((-126.9446730100922 50.39599633370644, -126.83669622361049 50.39403768247163, -126.8398324290912 50.32501685914232, -126.94765295357813 50.32697074440597, -126.9446730100922 50.39599633370644))",False,image_directory_20220920_84,mask_directory_20220920_84
train,../datasets/sentinel2/S2A_9UYR_20220831_0_L2A/20220831/tiles/13_4,sentinel2,S2A_9UYR_20220831_0_L2A,2022-08-31,13_4,../prepared_dataset/20220831/13_4,"POLYGON ((-125.80670052602389 49.61028168783075, -125.70056921905206 49.60730222530233, -125.70521983185114 49.53833725601435, -125.81120217376363 49.54130950951896, -125.80670052602389 49.61028168783075))",False,image_directory_20220831_85,mask_directory_20220831_85
train,../datasets/sentinel2/S2B_10UDV_20220902_0_L2A/20220902/tiles/13_5,sentinel2,S2B_10UDV_20220902_0_L2A,2022-09-02,13_5,../prepared_dataset/20220902/13_5,"POLYGON ((-129.83857958909257 48.75158119980224, -129.734106846097 48.752294094182055, -129.73310225819964 48.683210029928446, -129.83743207376997 48.682498855706385, -129.83857958909257 48.75158119980224))",False,image_directory_20220902_86,mask_directory_20220902_86
train,../datasets/sentinel2/S2A_10UCA_20220808_0_L2A/20220808/tiles/8_4,sentinel2,S2A_10UCA_20220808_0_L2A,2022-08-08,8_4,../prepared_dataset/20220808/8_4,"POLYGON ((-131.36095799792983 49.975696289974536, -131.25393438529517 49.977825981155426, -131.25071464079227 49.90880439716843, -131.35758570791415 49.90667987393794, -131.36095799792983 49.975696289974536))",False,image_directory_20220808_87,mask_directory_20220808_87
train,../datasets/sentinel2/S2B_9UYQ_20220925_0_L2A/20220925/tiles/2_5,sentinel2,S2B_9UYQ_20220925_0_L2A,2022-09-25,2_5,../prepared_dataset/20220925/2_5,"POLYGON ((-125.70996098305753 49.4677547320196, -125.6041482479572 49.46469315711875, -125.60891060567182 49.39573326840127, -125.71457561065247 49.39878744204533, -125.70996098305753 49.4677547320196))",False,image_directory_20220925_88,mask_directory_20220925_88
train,../datasets/sentinel2/S2B_9UYR_20221015_0_L2A/20221015/tiles/11_3,sentinel2,S2B_9UYR_20221015_0_L2A,2022-10-15,11_3,../prepared_dataset/20221015/11_3,"POLYGON ((-125.90409357755665 49.7511189370603, -125.79764510323163 49.74822265707833, -125.80218153138314 49.67925273743341, -125.90847980808762 49.682142003459184, -125.90409357755665 49.7511189370603))",False,image_directory_20221015_89,mask_directory_20221015_89
train,../datasets/sentinel2/S2A_10UCA_20220801_0_L2A/20220801/tiles/13_1,sentinel2,S2A_10UCA_20220801_0_L2A,2022-08-01,13_1,../prepared_dataset/20220801/13_1,"POLYGON ((-131.66294740977278 49.623707667857836, -131.55672068488488 49.62610395048589, -131.5531137566122 49.55709347441001, -131.65919104304243 49.554702993566934, -131.66294740977278 49.623707667857836))",False,image_directory_20220801_90,mask_directory_20220801_90
train,../datasets/sentinel2/S2B_10UDV_20220714_0_L2A/20220714/tiles/13_5,sentinel2,S2B_10UDV_20220714_0_L2A,2022-07-14,13_5,../prepared_dataset/20220714/13_5,"POLYGON ((-129.83857958909257 48.75158119980224, -129.734106846097 48.752294094182055, -129.73310225819964 48.683210029928446, -129.83743207376997 48.682498855706385, -129.83857958909257 48.75158119980224))",False,image_directory_20220714_91,mask_directory_20220714_91
train,../datasets/sentinel2/S2B_10UDA_20221015_0_L2A/20221015/tiles/0_2,sentinel2,S2B_10UDA_20221015_0_L2A,2022-10-15,0_2,../prepared_dataset/20221015/0_2,"POLYGON ((-130.1951853830717 50.54615872122969, -130.08681058759944 50.54722067826142, -130.08522614530546 50.478164893719025, -130.19344303037116 50.477105524569886, -130.1951853830717 50.54615872122969))",False,image_directory_20221015_92,mask_directory_20221015_92
train,../datasets/sentinel2/S2B_10UCA_20220809_0_L2A/20220809/tiles/11_1,sentinel2,S2B_10UCA_20220809_0_L2A,2022-08-09,11_1,../prepared_dataset/20220809/11_1,"POLYGON ((-131.67050367085986 49.76171390335328, -131.5639763426184 49.76412183856409, -131.56034152370555 49.69511340543029, -131.6667182615779 49.69271130470846, -131.67050367085986 49.76171390335328))",False,image_directory_20220809_93,mask_directory_20220809_93
train,../datasets/sentinel2/S2A_10UCV_20220920_0_L2A/20220920/tiles/0_6,sentinel2,S2A_10UCV_20220920_0_L2A,2022-09-20,0_6,../prepared_dataset/20220920/0_6,"POLYGON ((-131.13160978829623 49.6330968871541, -131.02532278202165 49.635005778089784, -131.02246428301876 49.56596980282197, -131.12860154744556 49.564065535604165, -131.13160978829623 49.6330968871541))",False,image_directory_20220920_94,mask_directory_20220920_94
train,../datasets/sentinel2/S2B_10UCV_20220714_1_L2A/20220714/tiles/5_10,sentinel2,S2B_10UCV_20220714_1_L2A,2022-07-14,5_10,../prepared_dataset/20220714/5_10,"POLYGON ((-130.69444517019352 49.29489587284513, -130.5888615044706 49.296396204691675, -130.5866454463639 49.22733957548268, -130.69208201575896 49.22584287208637, -130.69444517019352 49.29489587284513))",False,image_directory_20220714_95,mask_directory_20220714_95
train,../datasets/sentinel2/S2B_10UCV_20220925_0_L2A/20220925/tiles/4_9,sentinel2,S2B_10UCV_20220925_0_L2A,2022-09-25,4_9,../prepared_dataset/20220925/4_9,"POLYGON ((-130.80253960565724 49.36234733104032, -130.6968173943887 49.36394795979981, -130.69444517019352 49.29489587284513, -130.80001976620687 49.29329911623028, -130.80253960565724 49.36234733104032))",False,image_directory_20220925_96,mask_directory_20220925_96
train,../datasets/sentinel2/S2B_9UXR_20221008_0_L2A/20221008/tiles/3_12,sentinel2,S2B_9UXR_20221008_0_L2A,2022-10-08,3_12,../prepared_dataset/20221008/3_12,"POLYGON ((-126.300924835124 50.31374939214619, -126.19318655713849 50.311196502838385, -126.19724309801543 50.24220831658002, -126.30482613670658 50.24475500022902, -126.300924835124 50.31374939214619))",False,image_directory_20221008_97,mask_directory_20221008_97
train,../datasets/sentinel2/S2A_10UDB_20220920_0_L2A/20220920/tiles/11_2,sentinel2,S2A_10UDB_20220920_0_L2A,2022-09-20,11_2,../prepared_dataset/20220920/11_2,"POLYGON ((-130.19871810878593 50.68534143533114, -130.0900231414613 50.68640863150005, -130.08842614536755 50.6173545795149, -130.1969619519164 50.61628998645416, -130.19871810878593 50.68534143533114))",False,image_directory_20220920_98,mask_directory_20220920_98
train,../datasets/sentinel2/S2A_9UXR_20220725_0_L2A/20220725/tiles/9_11,sentinel2,S2A_9UXR_20220725_0_L2A,2022-07-25,9_11,../prepared_dataset/20220725/9_11,"POLYGON ((-126.43093758190167 49.90218500044956, -126.32410702760176 49.89976739528831, -126.32791861025592 49.83076675069626, -126.4345974092563 49.833178493272115, -126.43093758190167 49.90218500044956))",False,image_directory_20220725_99,mask_directory_20220725_99
train,../datasets/sentinel2/S2A_9UYR_20220801_0_L2A/20220801/tiles/9_1,sentinel2,S2A_9UYR_20220801_0_L2A,2022-08-01,9_1,../prepared_dataset/20220801/9_1,"POLYGON ((-126.10882216889075 49.89459564668051, -126.00203792064691 49.89188166298838, -126.00630668135425 49.822900136894816, -126.11293940586515 49.82560754139166, -126.10882216889075 49.89459564668051))",False,image_directory_20220801_100,mask_directory_20220801_100
train,../datasets/sentinel2/S2A_10UCV_20220808_0_L2A/20220808/tiles/1_5,sentinel2,S2A_10UCV_20220808_0_L2A,2022-08-08,1_5,../prepared_dataset/20220808/1_5,"POLYGON ((-131.23472726309154 49.562063997705465, -131.12860154744556 49.564065535604165, -131.1256048554415 49.49503322195153, -131.23158146030147 49.493036529963156, -131.23472726309154 49.562063997705465))",False,image_directory_20220808_101,mask_directory_20220808_101
train,../datasets/sentinel2/S2B_9UXR_20220918_0_L2A/20220918/tiles/6_6,sentinel2,S2B_9UXR_20220918_0_L2A,2022-09-18,6_6,../prepared_dataset/20220918/6_6,"POLYGON ((-126.95652348992273 50.11988826469617, -126.84916812523272 50.11794859537679, -126.85225592159479 50.04892391075627, -126.95945743161454 50.05085886850797, -126.95652348992273 50.11988826469617))",False,image_directory_20220918_102,mask_directory_20220918_102
train,../datasets/sentinel2/S2B_9UXR_20220918_0_L2A/20220918/tiles/4_7,sentinel2,S2B_9UXR_20220918_0_L2A,2022-09-18,4_7,../prepared_dataset/20220918/4_7,"POLYGON ((-126.84295644009124 50.2559950699378, -126.73530370385289 50.25394627193798, -126.73857057305507 50.18492849773559, -126.84606831836393 50.18697231522657, -126.84295644009124 50.2559950699378))",False,image_directory_20220918_103,mask_directory_20220918_103
train,../datasets/sentinel2/S2A_9UXR_20220824_0_L2A/20220824/tiles/7_13,sentinel2,S2A_9UXR_20220824_0_L2A,2022-08-24,7_13,../prepared_dataset/20220824/7_13,"POLYGON ((-126.20931857999868 50.03523739021615, -126.10221317468839 50.03261045828078, -126.1063599959208 49.96362440396579, -126.21331262354327 49.96624496182609, -126.20931857999868 50.03523739021615))",False,image_directory_20220824_104,mask_directory_20220824_104
train,../datasets/sentinel2/S2A_9UXR_20220824_0_L2A/20220824/tiles/3_6,sentinel2,S2A_9UXR_20220824_0_L2A,2022-08-24,3_6,../prepared_dataset/20220824/3_6,"POLYGON ((-126.94765295357813 50.32697074440597, -126.8398324290912 50.32501685914232, -126.84295644009124 50.2559950699378, -126.95062130898529 50.2579442029406, -126.94765295357813 50.32697074440597))",False,image_directory_20220824_105,mask_directory_20220824_105
train,../datasets/sentinel2/S2B_10UDV_20220902_0_L2A/20220902/tiles/12_3,sentinel2,S2B_10UDV_20220902_0_L2A,2022-09-02,12_3,../prepared_dataset/20220902/12_3,"POLYGON ((-130.048950186963 48.818948688075864, -129.94434329740662 48.819853146986816, -129.94304796425834 48.75077360944212, -130.0475114278465 48.7498713334538, -130.048950186963 48.818948688075864))",False,image_directory_20220902_106,mask_directory_20220902_106
train,../datasets/sentinel2/S2A_9UYR_20220725_0_L2A/20220725/tiles/10_6,sentinel2,S2A_9UYR_20220725_0_L2A,2022-07-25,10_6,../prepared_dataset/20220725/10_6,"POLYGON ((-125.57994606047134 49.81109116468042, -125.47340137505778 49.80789427818403, -125.47840711109475 49.73894800799162, -125.5848012933735 49.742137152425435, -125.57994606047134 49.81109116468042))",False,image_directory_20220725_107,mask_directory_20220725_107
train,../datasets/sentinel2/S2A_10UCB_20220920_0_L2A/20220920/tiles/12_9,sentinel2,S2A_10UCB_20220920_0_L2A,2022-09-20,12_9,../prepared_dataset/20220920/12_9,"POLYGON ((-130.84970584851897 50.60775342963872, -130.7412207205413 50.609425819111365, -130.73867685202913 50.54039023560224, -130.84700370002597 50.53872192208584, -130.84970584851897 50.60775342963872))",False,image_directory_20220920_108,mask_directory_20220920_108
train,../datasets/sentinel2/S2A_10UCA_20220808_0_L2A/20220808/tiles/11_3,sentinel2,S2A_10UCA_20220808_0_L2A,2022-08-08,11_3,../prepared_dataset/20220808/11_3,"POLYGON ((-131.4574349643406 49.766431902520914, -131.35088011677016 49.76864406470351, -131.34754668578682 49.69962467254448, -131.45395080582114 49.69741787150198, -131.4574349643406 49.766431902520914))",False,image_directory_20220808_109,mask_directory_20220808_109
train,../datasets/sentinel2/S2A_9UYR_20220722_0_L2A/20220722/tiles/4_3,sentinel2,S2A_9UYR_20220722_0_L2A,2022-07-22,4_3,../prepared_dataset/20220722/4_3,"POLYGON ((-125.8729107570619 50.233926287225614, -125.7653945658079 50.23098034961218, -125.7700555044756 50.16201837514725, -125.87741739424553 50.164957158072596, -125.8729107570619 50.233926287225614))",False,image_directory_20220722_110,mask_directory_20220722_110
train,../datasets/sentinel2/S2A_10UCU_20220907_0_L2A/20220907/tiles/1_12,sentinel2,S2A_10UCU_20220907_0_L2A,2022-09-07,1_12,../prepared_dataset/20220907/1_12,"POLYGON ((-130.4648833730206 48.6746089075524, -130.36059120428123 48.675888110858764, -130.3587344156348 48.60681693325166, -130.4628843770329 48.605540814876925, -130.4648833730206 48.6746089075524))",False,image_directory_20220907_111,mask_directory_20220907_111
train,../datasets/sentinel2/S2B_9UXR_20220925_0_L2A/20220925/tiles/2_4,sentinel2,S2B_9UXR_20220925_0_L2A,2022-09-25,2_4,../prepared_dataset/20220925/2_4,"POLYGON ((-127.16066091449987 50.39961307925695, -127.05266144368761 50.3978548076623, -127.05548506607511 50.328824695789706, -127.16332815977158 50.330578688329204, -127.16066091449987 50.39961307925695))",False,image_directory_20220925_112,mask_directory_20220925_112
train,../datasets/sentinel2/S2B_9UYR_20220730_0_L2A/20220730/tiles/10_6,sentinel2,S2B_9UYR_20220730_0_L2A,2022-07-30,10_6,../prepared_dataset/20220730/10_6,"POLYGON ((-125.57994606047134 49.81109116468042, -125.47340137505778 49.80789427818403, -125.47840711109475 49.73894800799162, -125.5848012933735 49.742137152425435, -125.57994606047134 49.81109116468042))",False,image_directory_20220730_113,mask_directory_20220730_113
train,../datasets/sentinel2/S2B_10UDV_20220714_1_L2A/20220714/tiles/12_5,sentinel2,S2B_10UDV_20220714_1_L2A,2022-07-14,12_5,../prepared_dataset/20220714/12_5,"POLYGON ((-129.83973147226888 48.82066269125822, -129.73511525795362 48.821377310490824, -129.734106846097 48.752294094182055, -129.83857958909257 48.75158119980224, -129.83973147226888 48.82066269125822))",False,image_directory_20220714_114,mask_directory_20220714_114
train,../datasets/sentinel2/S2B_9UWR_20221117_0_L2A/20221117/tiles/0_12,sentinel2,S2B_9UWR_20221117_0_L2A,2022-11-17,0_12,../prepared_dataset/20221117/0_12,"POLYGON ((-127.69955084215027 50.54503064537831, -127.59119010461468 50.543769930790944, -127.59324364965362 50.474722554950475, -127.7014465484625 50.475980197599256, -127.69955084215027 50.54503064537831))",False,image_directory_20221117_115,mask_directory_20221117_115
train,../datasets/sentinel2/S2B_10UCA_20221015_0_L2A/20221015/tiles/8_4,sentinel2,S2B_10UCA_20221015_0_L2A,2022-10-15,8_4,../prepared_dataset/20221015/8_4,"POLYGON ((-131.36095799792983 49.975696289974536, -131.25393438529517 49.977825981155426, -131.25071464079227 49.90880439716843, -131.35758570791415 49.90667987393794, -131.36095799792983 49.975696289974536))",False,image_directory_20221015_116,mask_directory_20221015_116
train,../datasets/sentinel2/S2A_9UYR_20220725_0_L2A/20220725/tiles/0_12,sentinel2,S2A_9UYR_20220725_0_L2A,2022-07-25,0_12,../prepared_dataset/20220725/0_12,"POLYGON ((-124.88217100488981 50.47941167733047, -124.77422016990548 50.4755358450304, -124.78036006214414 50.406654489895594, -124.88815514243872 50.4105209046424, -124.88217100488981 50.47941167733047))",False,image_directory_20220725_117,mask_directory_20220725_117
train,../datasets/sentinel2/S2B_10UCV_20220714_1_L2A/20220714/tiles/0_1,sentinel2,S2B_10UCV_20220714_1_L2A,2022-07-14,0_1,../prepared_dataset/20220714/0_1,"POLYGON ((-131.6628592044407 49.62209038267372, -131.55663598858044 49.624486529136135, -131.55302938550602 49.555476029135626, -131.65910317633998 49.553085684076976, -131.6628592044407 49.62209038267372))",False,image_directory_20220714_118,mask_directory_20220714_118
train,../datasets/sentinel2/S2A_9UXS_20221003_0_L2A/20221003/tiles/13_6,sentinel2,S2A_9UXS_20221003_0_L2A,2022-10-03,13_6,../prepared_dataset/20221003/13_6,"POLYGON ((-126.9386311023233 50.53512314213458, -126.83033749472789 50.533154842520105, -126.83349846915641 50.46413596715497, -126.94163458308695 50.46609947293854, -126.9386311023233 50.53512314213458))",False,image_directory_20221003_119,mask_directory_20221003_119
train,../datasets/sentinel2/S2B_9UYR_20221117_0_L2A/20221117/tiles/7_0,sentinel2,S2B_9UYR_20221117_0_L2A,2022-11-17,7_0,../prepared_dataset/20221117/7_0,"POLYGON ((-126.20764493725278 50.035197103814006, -126.10053977891575 50.03256862904429, -126.1046889866662 49.96358267621956, -126.21164136855504 49.96620477318144, -126.20764493725278 50.035197103814006))",False,image_directory_20221117_120,mask_directory_20221117_120
train,../datasets/sentinel2/S2A_10UCU_20220920_0_L2A/20220920/tiles/1_13,sentinel2,S2A_10UCU_20220920_0_L2A,2022-09-20,1_13,../prepared_dataset/20220920/1_13,"POLYGON ((-130.36059120428123 48.675888110858764, -130.25629197750914 48.67707291579988, -130.25457743038822 48.60799888077396, -130.3587344156348 48.60681693325166, -130.36059120428123 48.675888110858764))",False,image_directory_20220920_121,mask_directory_20220920_121
train,../datasets/sentinel2/S2B_9UWS_20220730_0_L2A/20220730/tiles/9_12,sentinel2,S2B_9UWS_20220730_0_L2A,2022-07-30,9_12,../prepared_dataset/20220730/9_12,"POLYGON ((-127.69186317006282 50.822302537348655, -127.58286235344609 50.8210293964876, -127.58494847470458 50.751985570556435, -127.69378895077142 50.753255603285176, -127.69186317006282 50.822302537348655))",False,image_directory_20220730_122,mask_directory_20220730_122
train,../datasets/sentinel2/S2B_10UCA_20220730_0_L2A/20220730/tiles/13_6,sentinel2,S2B_10UCA_20220730_0_L2A,2022-07-30,13_6,../prepared_dataset/20220730/13_6,"POLYGON ((-131.13168043291688 49.63471479791419, -131.02538991016297 49.63662379737404, -131.02253115327636 49.56758784435575, -131.12867192070004 49.56568346891793, -131.13168043291688 49.63471479791419))",False,image_directory_20220730_123,mask_directory_20220730_123
train,../datasets/sentinel2/S2B_10UCV_20220925_0_L2A/20220925/tiles/3_1,sentinel2,S2B_10UCV_20220925_0_L2A,2022-09-25,3_1,../prepared_dataset/20220925/3_1,"POLYGON ((-131.65163428320477 49.41507317766499, -131.54585763037568 49.41745196849377, -131.54229234162088 49.34843840920045, -131.64792127585335 49.346065371367665, -131.65163428320477 49.41507317766499))",False,image_directory_20220925_124,mask_directory_20220925_124
train,../datasets/sentinel2/S2B_10UDU_20221002_0_L2A/20221002/tiles/4_3,sentinel2,S2B_10UDU_20221002_0_L2A,2022-10-02,4_3,../prepared_dataset/20221002/4_3,"POLYGON ((-130.04177753048532 48.47193418299282, -129.93788566570646 48.47282773585319, -129.93661476637655 48.40374388699589, -130.0403659094067 48.40285248752335, -130.04177753048532 48.47193418299282))",False,image_directory_20221002_125,mask_directory_20221002_125
train,../datasets/sentinel2/S2A_9UYR_20220920_0_L2A/20220920/tiles/13_8,sentinel2,S2A_9UYR_20220920_0_L2A,2022-09-20,13_8,../prepared_dataset/20220920/13_8,"POLYGON ((-125.38228508846116 49.59778109054588, -125.27622887507313 49.594413268709154, -125.28147443181047 49.52547947510624, -125.38738205225935 49.5288391524663, -125.38228508846116 49.59778109054588))",False,image_directory_20220920_126,mask_directory_20220920_126
train,../datasets/sentinel2/S2B_10UCA_20221008_0_L2A/20221008/tiles/8_2,sentinel2,S2B_10UCA_20221008_0_L2A,2022-10-08,8_2,../prepared_dataset/20221008/8_2,"POLYGON ((-131.5749653825885 49.97114100027831, -131.4679685270227 49.97346795313402, -131.46444375709842 49.904456943937156, -131.57128820130544 49.902135636672675, -131.5749653825885 49.97114100027831))",False,image_directory_20221008_127,mask_directory_20221008_127
train,../datasets/sentinel2/S2B_9UXR_20220925_0_L2A/20220925/tiles/0_5,sentinel2,S2B_9UXR_20220925_0_L2A,2022-09-25,0_5,../prepared_dataset/20220925/0_5,"POLYGON ((-127.04698103065292 50.53591221305129, -126.93867812205137 50.53404465463203, -126.9416814194233 50.46502097054684, -127.04982678401758 50.46688398015769, -127.04698103065292 50.53591221305129))",False,image_directory_20220925_128,mask_directory_20220925_128
train,../datasets/sentinel2/S2A_9UYR_20220722_0_L2A/20220722/tiles/12_8,sentinel2,S2A_9UYR_20220722_0_L2A,2022-07-22,12_8,../prepared_dataset/20220722/12_8,"POLYGON ((-125.37716849646142 49.66672181510068, -125.27096312143453 49.66334582596361, -125.27622887507313 49.594413268709154, -125.38228508846116 49.59778109054588, -125.37716849646142 49.66672181510068))",False,image_directory_20220722_129,mask_directory_20220722_129
train,../datasets/sentinel2/S2A_10UCA_20220831_0_L2A/20220831/tiles/1_7,sentinel2,S2A_10UCA_20220831_0_L2A,2022-08-31,1_7,../prepared_dataset/20220831/1_7,"POLYGON ((-131.06057148664797 50.46498108990791, -130.95242635969086 50.46684619189256, -130.94958843003886 50.39781711139944, -131.05757662720538 50.39595655015642, -131.06057148664797 50.46498108990791))",False,image_directory_20220831_130,mask_directory_20220831_130
train,../datasets/sentinel2/S2B_9UYQ_20220918_0_L2A/20220918/tiles/2_4,sentinel2,S2B_9UYQ_20220918_0_L2A,2022-09-18,2_4,../prepared_dataset/20220918/2_4,"POLYGON ((-125.81579145711164 49.470719628374404, -125.70996098305753 49.4677547320196, -125.71457561065247 49.39878744204533, -125.82025826698256 49.401745169985446, -125.81579145711164 49.470719628374404))",False,image_directory_20220918_131,mask_directory_20220918_131
train,../datasets/sentinel2/S2B_9UYR_20221015_0_L2A/20221015/tiles/11_6,sentinel2,S2B_9UYR_20221015_0_L2A,2022-10-15,11_6,../prepared_dataset/20221015/11_6,"POLYGON ((-125.5848012933735 49.742137152425435, -125.47840711109475 49.73894800799162, -125.4833935974753 49.67000054328374, -125.58963785229653 49.67318196741235, -125.5848012933735 49.742137152425435))",False,image_directory_20221015_132,mask_directory_20221015_132
train,../datasets/sentinel2/S2B_9UYR_20221015_0_L2A/20221015/tiles/10_0,sentinel2,S2B_9UYR_20221015_0_L2A,2022-10-15,10_0,../prepared_dataset/20221015/10_0,"POLYGON ((-126.21958799581242 49.82821693691288, -126.11293940586515 49.82560754139166, -126.11704077731176 49.75661836131325, -126.22353834592882 49.75922143301064, -126.21958799581242 49.82821693691288))",False,image_directory_20221015_133,mask_directory_20221015_133
train,../datasets/sentinel2/S2A_9UXR_20220725_0_L2A/20220725/tiles/8_12,sentinel2,S2A_9UXR_20220725_0_L2A,2022-07-25,8_12,../prepared_dataset/20220725/8_12,"POLYGON ((-126.32028067944972 49.9687669997153, -126.21331262354327 49.96624496182609, -126.21729123871425 49.89725147508932, -126.32410702760176 49.89976739528831, -126.32028067944972 49.9687669997153))",False,image_directory_20220725_134,mask_directory_20220725_134
train,../datasets/sentinel2/S2B_9UYR_20221117_0_L2A/20221117/tiles/5_1,sentinel2,S2B_9UYR_20221117_0_L2A,2022-11-17,5_1,../prepared_dataset/20221117/5_1,"POLYGON ((-126.09219296293833 50.17053730067159, -125.98479674563274 50.16779681257179, -125.98913212677263 50.09881967053217, -126.09637446480545 50.101553504186, -126.09219296293833 50.17053730067159))",False,image_directory_20221117_135,mask_directory_20221117_135
train,../datasets/sentinel2/S2B_10UCV_20221002_0_L2A/20221002/tiles/4_11,sentinel2,S2B_10UCV_20221002_0_L2A,2022-10-02,4_11,../prepared_dataset/20221002/4_11,"POLYGON ((-130.59108606844035 49.365451930188854, -130.48534619449734 49.36685922256808, -130.48326933293248 49.29780009222059, -130.5888615044706 49.296396204691675, -130.59108606844035 49.365451930188854))",False,image_directory_20221002_136,mask_directory_20221002_136
test,../datasets/sentinel2/S2A_9UXS_20220817_0_L2A/20220817/tiles/12_3,sentinel2,S2A_9UXS_20220817_0_L2A,2022-08-17,12_3,../prepared_dataset/20220817/12_3,"POLYGON ((-127.26103949458563 50.609459586768466, -127.15255415233162 50.60778930097089, -127.15525300386612 50.538757705995245, -127.26358006504528 50.54042392095767, -127.26103949458563 50.609459586768466))",False,image_directory_20220817_137,mask_directory_20220817_137
test,../datasets/sentinel2/S2B_10UCA_20221002_0_L2A/20221002/tiles/0_8,sentinel2,S2B_10UCA_20221002_0_L2A,2022-10-02,0_8,../prepared_dataset/20221002/0_8,"POLYGON ((-130.95527539581263 50.53587433251706, -130.84696156278733 50.537643297420075, -130.84427012633031 50.46861084780821, -130.95242635969086 50.46684619189256, -130.95527539581263 50.53587433251706))",False,image_directory_20221002_138,mask_directory_20221002_138
test,../datasets/sentinel2/S2A_10UDB_20220808_0_L2A/20220808/tiles/11_0,sentinel2,S2A_10UDB_20220808_0_L2A,2022-08-08,11_0,../prepared_dataset/20220808/11_0,"POLYGON ((-130.41608671349667 50.68290307586673, -130.3074061744288 50.684172911475365, -130.30549089211266 50.615124312730494, -130.41401234425803 50.6138575742024, -130.41608671349667 50.68290307586673))",False,image_directory_20220808_139,mask_directory_20220808_139
test,../datasets/sentinel2/S2B_9UYR_20220809_0_L2A/20220809/tiles/6_3,sentinel2,S2B_9UYR_20220809_0_L2A,2022-08-09,6_3,../prepared_dataset/20220809/6_3,"POLYGON ((-125.88190656970957 50.09598691047528, -125.77469838633546 50.09305526181135, -125.77932330229108 50.02409101089704, -125.88637837138317 50.02701554561763, -125.88190656970957 50.09598691047528))",False,image_directory_20220809_140,mask_directory_20220809_140
test,../datasets/sentinel2/S2A_9UYR_20220920_0_L2A/20220920/tiles/12_7,sentinel2,S2A_9UYR_20220920_0_L2A,2022-09-20,12_7,../prepared_dataset/20220920/12_7,"POLYGON ((-125.4833935974753 49.67000054328374, -125.37716849646142 49.66672181510068, -125.38228508846116 49.59778109054588, -125.48836092993919 49.60105188564833, -125.4833935974753 49.67000054328374))",False,image_directory_20220920_141,mask_directory_20220920_141
test,../datasets/sentinel2/S2B_9UYR_20220730_0_L2A/20220730/tiles/13_12,sentinel2,S2B_9UYR_20220730_0_L2A,2022-07-30,13_12,../prepared_dataset/20220730/13_12,"POLYGON ((-124.95818368695447 49.58372809066878, -124.85221166591536 49.57997261604244, -124.85805056643485 49.51107373193187, -124.96387441127948 49.514820129876014, -124.95818368695447 49.58372809066878))",False,image_directory_20220730_142,mask_directory_20220730_142
test,../datasets/sentinel2/S2A_10UCA_20220920_0_L2A/20220920/tiles/10_1,sentinel2,S2A_10UCA_20220920_0_L2A,2022-09-20,10_1,../prepared_dataset/20220920/10_1,"POLYGON ((-131.67430371052106 49.830715463024084, -131.5676252116484 49.83312924920604, -131.5639763426184 49.76412183856409, -131.67050367085986 49.76171390335328, -131.67430371052106 49.830715463024084))",False,image_directory_20220920_143,mask_directory_20220920_143
test,../datasets/sentinel2/S2B_9UXR_20220730_0_L2A/20220730/tiles/5_8,sentinel2,S2B_9UXR_20220730_0_L2A,2022-07-30,5_8,../prepared_dataset/20220730/5_8,"POLYGON ((-126.73857057305507 50.18492849773559, -126.63108549894987 50.182785284518225, -126.63449402401703 50.11377173824659, -126.741824770979 50.115909744141064, -126.73857057305507 50.18492849773559))",False,image_directory_20220730_144,mask_directory_20220730_144
test,../datasets/sentinel2/S2B_10UCA_20221002_0_L2A/20221002/tiles/11_4,sentinel2,S2B_10UCA_20221002_0_L2A,2022-10-02,11_4,../prepared_dataset/20221002/11_4,"POLYGON ((-131.35088011677016 49.76864406470351, -131.2443123811158 49.77075829587836, -131.24112974192582 49.70173377945951, -131.34754668578682 49.69962467254448, -131.35088011677016 49.76864406470351))",False,image_directory_20221002_145,mask_directory_20221002_145
test,../datasets/sentinel2/S2B_9UYR_20221015_0_L2A/20221015/tiles/4_2,sentinel2,S2B_9UYR_20221015_0_L2A,2022-10-15,4_2,../prepared_dataset/20221015/4_2,"POLYGON ((-125.9804444984755 50.236772855913266, -125.8729107570619 50.233926287225614, -125.87741739424553 50.164957158072596, -125.98479674563274 50.16779681257179, -125.9804444984755 50.236772855913266))",False,image_directory_20221015_146,mask_directory_20221015_146
test,../datasets/sentinel2/S2A_10UCA_20220801_0_L2A/20220801/tiles/10_5,sentinel2,S2A_10UCA_20220801_0_L2A,2022-08-01,10_5,../prepared_dataset/20220801/10_5,"POLYGON ((-131.2475073268067 49.83978183526193, -131.14077584947856 49.84180300855312, -131.13773233903143 49.7727745681, -131.2443123811158 49.77075829587836, -131.2475073268067 49.83978183526193))",False,image_directory_20220801_147,mask_directory_20220801_147
test,../datasets/sentinel2/S2A_10UCA_20220722_0_L2A/20220722/tiles/1_13,sentinel2,S2A_10UCA_20220722_0_L2A,2022-07-22,1_13,../prepared_dataset/20220722/1_13,"POLYGON ((-130.41154640225076 50.474664553619796, -130.30334384498218 50.475926648189116, -130.3014485710711 50.4068754555083, -130.40949390642274 50.40561643482138, -130.41154640225076 50.474664553619796))",False,image_directory_20220722_148,mask_directory_20220722_148
test,../datasets/sentinel2/S2B_10UDU_20221015_0_L2A/20221015/tiles/4_3,sentinel2,S2B_10UDU_20221015_0_L2A,2022-10-15,4_3,../prepared_dataset/20221015/4_3,"POLYGON ((-130.04177753048532 48.47193418299282, -129.93788566570646 48.47282773585319, -129.93661476637655 48.40374388699589, -130.0403659094067 48.40285248752335, -130.04177753048532 48.47193418299282))",False,image_directory_20221015_149,mask_directory_20221015_149
test,../datasets/sentinel2/S2B_10UCV_20220816_0_L2A/20220816/tiles/3_4,sentinel2,S2B_10UCV_20220816_0_L2A,2022-08-16,3_4,../prepared_dataset/20220816/3_4,"POLYGON ((-131.33426378190975 49.421919452331444, -131.22844771964967 49.42400808695786, -131.22532598144235 49.354978669129, -131.33099413051323 49.35289508713842, -131.33426378190975 49.421919452331444))",False,image_directory_20220816_150,mask_directory_20220816_150
test,../datasets/sentinel2/S2A_9UXR_20220824_0_L2A/20220824/tiles/1_2,sentinel2,S2A_9UXR_20220824_0_L2A,2022-08-24,1_2,../prepared_dataset/20220824/1_2,"POLYGON ((-127.37432698558553 50.471870235477795, -127.26615018068891 50.470308635792115, -127.268670812238 50.40127112475613, -127.37669052623855 50.40282892177451, -127.37432698558553 50.471870235477795))",False,image_directory_20220824_151,mask_directory_20220824_151
test,../datasets/sentinel2/S2B_10UCV_20221015_0_L2A/20221015/tiles/1_5,sentinel2,S2B_10UCV_20221015_0_L2A,2022-10-15,1_5,../prepared_dataset/20221015/1_5,"POLYGON ((-131.23472726309154 49.562063997705465, -131.12860154744556 49.564065535604165, -131.1256048554415 49.49503322195153, -131.23158146030147 49.493036529963156, -131.23472726309154 49.562063997705465))",False,image_directory_20221015_152,mask_directory_20221015_152
test,../datasets/sentinel2/S2B_9UYR_20220730_0_L2A/20220730/tiles/11_8,sentinel2,S2B_9UYR_20220730_0_L2A,2022-07-30,11_8,../prepared_dataset/20220730/11_8,"POLYGON ((-125.37203217836218 49.73566132443381, -125.26567707018853 49.732277145052215, -125.27096312143453 49.66334582596361, -125.37716849646142 49.66672181510068, -125.37203217836218 49.73566132443381))",False,image_directory_20220730_153,mask_directory_20220730_153
test,../datasets/sentinel2/S2A_10UCA_20220920_0_L2A/20220920/tiles/9_3,sentinel2,S2A_10UCA_20220920_0_L2A,2022-09-20,9_3,../prepared_dataset/20220920/9_3,"POLYGON ((-131.46444375709842 49.904456943937156, -131.35758570791415 49.90667987393794, -131.35422643591158 49.83766246534094, -131.46093259223022 49.835444926865776, -131.46444375709842 49.904456943937156))",False,image_directory_20220920_154,mask_directory_20220920_154
test,../datasets/sentinel2/S2A_9UYQ_20220725_0_L2A/20220725/tiles/2_4,sentinel2,S2A_9UYQ_20220725_0_L2A,2022-07-25,2_4,../prepared_dataset/20220725/2_4,"POLYGON ((-125.81579145711164 49.470719628374404, -125.70996098305753 49.4677547320196, -125.71457561065247 49.39878744204533, -125.82025826698256 49.401745169985446, -125.81579145711164 49.470719628374404))",False,image_directory_20220725_155,mask_directory_20220725_155
test,../datasets/sentinel2/S2B_10UDU_20220925_0_L2A/20220925/tiles/0_1,sentinel2,S2B_10UDU_20220925_0_L2A,2022-09-25,0_1,../prepared_dataset/20220925/0_1,"POLYGON ((-130.25638108263476 48.74616387946116, -130.15193242649036 48.74725542899212, -130.15035640690996 48.67817959538673, -130.25466224896843 48.677090679284284, -130.25638108263476 48.74616387946116))",False,image_directory_20220925_156,mask_directory_20220925_156
test,../datasets/sentinel2/S2B_10UCA_20220816_0_L2A/20220816/tiles/12_5,sentinel2,S2B_10UCA_20220816_0_L2A,2022-08-16,12_5,../prepared_dataset/20220816/12_5,"POLYGON ((-131.24112974192582 49.70173377945951, -131.13470055300274 49.703745164430956, -131.13168043291688 49.63471479791419, -131.23795934786818 49.63270828644662, -131.24112974192582 49.70173377945951))",False,image_directory_20220816_157,mask_directory_20220816_157
test,../datasets/sentinel2/S2A_9UXR_20220920_0_L2A/20220920/tiles/6_6,sentinel2,S2A_9UXR_20220920_0_L2A,2022-09-20,6_6,../prepared_dataset/20220920/6_6,"POLYGON ((-126.95652348992273 50.11988826469617, -126.84916812523272 50.11794859537679, -126.85225592159479 50.04892391075627, -126.95945743161454 50.05085886850797, -126.95652348992273 50.11988826469617))",False,image_directory_20220920_158,mask_directory_20220920_158
test,../datasets/sentinel2/S2B_9UXR_20221008_0_L2A/20221008/tiles/6_7,sentinel2,S2B_9UXR_20221008_0_L2A,2022-10-08,6_7,../prepared_dataset/20221008/6_7,"POLYGON ((-126.84916812523272 50.11794859537679, -126.741824770979 50.115909744141064, -126.74506636153725 50.04689001159821, -126.85225592159479 50.04892391075627, -126.84916812523272 50.11794859537679))",False,image_directory_20221008_159,mask_directory_20221008_159
test,../datasets/sentinel2/S2B_10UDA_20221002_0_L2A/20221002/tiles/2_0,sentinel2,S2B_10UDA_20221002_0_L2A,2022-10-02,2_0,../prepared_dataset/20221002/2_0,"POLYGON ((-130.40780575795003 50.405636878470844, -130.2997603025312 50.40689433171983, -130.29787485907056 50.33784221726068, -130.40576370389655 50.33658782520549, -130.40780575795003 50.405636878470844))",False,image_directory_20221002_160,mask_directory_20221002_160
test,../datasets/sentinel2/S2B_9UXR_20221008_0_L2A/20221008/tiles/11_12,sentinel2,S2B_9UXR_20221008_0_L2A,2022-10-08,11_12,../prepared_dataset/20221008/11_12,"POLYGON ((-126.33171550126762 49.76176506671117, -126.22520249260845 49.75926133004088, -126.22913528434003 49.69026467345299, -126.33549777398379 49.69276234410219, -126.33171550126762 49.76176506671117))",False,image_directory_20221008_161,mask_directory_20221008_161
test,../datasets/sentinel2/S2B_10UCA_20220816_0_L2A/20220816/tiles/1_12,sentinel2,S2B_10UCA_20220816_0_L2A,2022-08-16,1_12,../prepared_dataset/20220816/1_12,"POLYGON ((-130.51974092362994 50.473301907170324, -130.41154640225076 50.474664553619796, -130.40949390642274 50.40561643482138, -130.51753124677427 50.40425710696954, -130.51974092362994 50.473301907170324))",False,image_directory_20220816_162,mask_directory_20220816_162
test,../datasets/sentinel2/S2A_10UDA_20220808_0_L2A/20220808/tiles/0_3,sentinel2,S2A_10UDA_20220808_0_L2A,2022-08-08,0_3,../prepared_dataset/20220808/0_3,"POLYGON ((-130.08681058759944 50.54722067826142, -129.97842958012404 50.54818179036385, -129.97700307991528 50.47912366358803, -130.08522614530546 50.478164893719025, -130.08681058759944 50.54722067826142))",False,image_directory_20220808_163,mask_directory_20220808_163
test,../datasets/sentinel2/S2B_9UXR_20220730_0_L2A/20220730/tiles/7_10,sentinel2,S2B_9UXR_20220730_0_L2A,2022-07-30,7_10,../prepared_dataset/20220730/7_10,"POLYGON ((-126.53072546631321 50.04252549889773, -126.42357531752924 50.04019494355489, -126.42726357513628 49.97119048410589, -126.53426072158169 49.97351538277243, -126.53072546631321 50.04252549889773))",False,image_directory_20220730_164,mask_directory_20220730_164
test,../datasets/sentinel2/S2B_10UCV_20220714_0_L2A/20220714/tiles/5_10,sentinel2,S2B_10UCV_20220714_0_L2A,2022-07-14,5_10,../prepared_dataset/20220714/5_10,"POLYGON ((-130.69444517019352 49.29489587284513, -130.5888615044706 49.296396204691675, -130.5866454463639 49.22733957548268, -130.69208201575896 49.22584287208637, -130.69444517019352 49.29489587284513))",False,image_directory_20220714_165,mask_directory_20220714_165
test,../datasets/sentinel2/S2A_10UCV_20220907_0_L2A/20220907/tiles/1_5,sentinel2,S2A_10UCV_20220907_0_L2A,2022-09-07,1_5,../prepared_dataset/20220907/1_5,"POLYGON ((-131.23472726309154 49.562063997705465, -131.12860154744556 49.564065535604165, -131.1256048554415 49.49503322195153, -131.23158146030147 49.493036529963156, -131.23472726309154 49.562063997705465))",False,image_directory_20220907_166,mask_directory_20220907_166
test,../datasets/sentinel2/S2B_9UYQ_20220816_0_L2A/20220816/tiles/1_12,sentinel2,S2B_9UYQ_20220816_0_L2A,2022-08-16,1_12,../prepared_dataset/20220816/1_12,"POLYGON ((-124.9640075258676 49.51320508386705, -124.85818714713864 49.50945889835411, -124.86400317156051 49.44055865129399, -124.96967595032737 49.44429578597954, -124.9640075258676 49.51320508386705))",False,image_directory_20220816_167,mask_directory_20220816_167
test,../datasets/sentinel2/S2A_10UCA_20220831_0_L2A/20220831/tiles/2_9,sentinel2,S2A_10UCA_20220831_0_L2A,2022-08-31,2_9,../prepared_dataset/20220831/2_9,"POLYGON ((-130.84158918294517 50.39957747079005, -130.7335794962074 50.40123760456588, -130.73106542150086 50.3321992597973, -130.83891867926633 50.33054316652473, -130.84158918294517 50.39957747079005))",False,image_directory_20220831_168,mask_directory_20220831_168
test,../datasets/sentinel2/S2B_9UYR_20221015_0_L2A/20221015/tiles/10_7,sentinel2,S2B_9UYR_20221015_0_L2A,2022-10-15,10_7,../prepared_dataset/20221015/10_7,"POLYGON ((-125.47340137505778 49.80789427818403, -125.3668760355906 49.8045996168394, -125.37203217836218 49.73566132443381, -125.47840711109475 49.73894800799162, -125.47340137505778 49.80789427818403))",False,image_directory_20221015_169,mask_directory_20221015_169
test,../datasets/sentinel2/S2B_10UCA_20221002_0_L2A/20221002/tiles/10_2,sentinel2,S2B_10UCA_20221002_0_L2A,2022-10-02,10_2,../prepared_dataset/20221002/10_2,"POLYGON ((-131.5676252116484 49.83312924920604, -131.46093259223022 49.835444926865776, -131.4574349643406 49.766431902520914, -131.5639763426184 49.76412183856409, -131.5676252116484 49.83312924920604))",False,image_directory_20221002_170,mask_directory_20221002_170
test,../datasets/sentinel2/S2A_10UCV_20220808_1_L2A/20220808/tiles/10_11,sentinel2,S2A_10UCV_20220808_1_L2A,2022-08-08,10_11,../prepared_dataset/20220808/10_11,"POLYGON ((-130.5778654389746 48.951104022984055, -130.47300337189023 48.95249102696047, -130.4709735789061 48.88342653139165, -130.5756912874563 48.882042876327525, -130.5778654389746 48.951104022984055))",False,image_directory_20220808_171,mask_directory_20220808_171
test,../datasets/sentinel2/S2B_10UCA_20220730_0_L2A/20220730/tiles/9_3,sentinel2,S2B_10UCA_20220730_0_L2A,2022-07-30,9_3,../prepared_dataset/20220730/9_3,"POLYGON ((-131.46444375709842 49.904456943937156, -131.35758570791415 49.90667987393794, -131.35422643591158 49.83766246534094, -131.46093259223022 49.835444926865776, -131.46444375709842 49.904456943937156))",False,image_directory_20220730_172,mask_directory_20220730_172
test,../datasets/sentinel2/S2A_9UYR_20220722_0_L2A/20220722/tiles/6_0,sentinel2,S2A_9UYR_20220722_0_L2A,2022-07-22,6_0,../prepared_dataset/20220722/6_0,"POLYGON ((-126.20363299050042 50.10418837495032, -126.09637446480545 50.101553504186, -126.10053977891575 50.03256862904429, -126.20764493725278 50.035197103814006, -126.20363299050042 50.10418837495032))",False,image_directory_20220722_173,mask_directory_20220722_173
test,../datasets/sentinel2/S2A_10UCA_20220831_0_L2A/20220831/tiles/0_13,sentinel2,S2A_10UCA_20220831_0_L2A,2022-08-31,0_13,../prepared_dataset/20220831/0_13,"POLYGON ((-130.41360693401623 50.54371178778923, -130.30524653977116 50.54497696516418, -130.30334384498218 50.475926648189116, -130.41154640225076 50.474664553619796, -130.41360693401623 50.54371178778923))",False,image_directory_20220831_174,mask_directory_20220831_174
test,../datasets/sentinel2/S2B_10UCV_20221015_0_L2A/20221015/tiles/12_13,sentinel2,S2B_10UCV_20221015_0_L2A,2022-10-15,12_13,../prepared_dataset/20221015/12_13,"POLYGON ((-130.364369925684 48.81564661291819, -130.25978122662025 48.816837223494026, -130.25805345828593 48.747764964613346, -130.3624988198346 48.746577227231384, -130.364369925684 48.81564661291819))",False,image_directory_20221015_175,mask_directory_20221015_175
test,../datasets/sentinel2/S2B_9UXR_20220918_0_L2A/20220918/tiles/6_7,sentinel2,S2B_9UXR_20220918_0_L2A,2022-09-18,6_7,../prepared_dataset/20220918/6_7,"POLYGON ((-126.84916812523272 50.11794859537679, -126.741824770979 50.115909744141064, -126.74506636153725 50.04689001159821, -126.85225592159479 50.04892391075627, -126.84916812523272 50.11794859537679))",False,image_directory_20220918_176,mask_directory_20220918_176
test,../datasets/sentinel2/S2A_9UXR_20220725_0_L2A/20220725/tiles/5_6,sentinel2,S2A_9UXR_20220725_0_L2A,2022-07-25,5_6,../prepared_dataset/20220725/5_6,"POLYGON ((-126.95357813500571 50.18891670960556, -126.84606831836393 50.18697231522657, -126.84916812523272 50.11794859537679, -126.95652348992273 50.11988826469617, -126.95357813500571 50.18891670960556))",False,image_directory_20220725_177,mask_directory_20220725_177
test,../datasets/sentinel2/S2B_9UYQ_20220816_0_L2A/20220816/tiles/0_8,sentinel2,S2B_9UYQ_20220816_0_L2A,2022-08-16,0_8,../prepared_dataset/20220816/0_8,"POLYGON ((-125.38240477279625 49.59616527775322, -125.27635204855254 49.5927976470634, -125.28159713312724 49.52386382450529, -125.38750127772715 49.52722331125193, -125.38240477279625 49.59616527775322))",False,image_directory_20220816_178,mask_directory_20220816_178
val,../datasets/sentinel2/S2B_10UCA_20221002_0_L2A/20221002/tiles/11_0,sentinel2,S2B_10UCA_20221002_0_L2A,2022-10-02,11_0,../prepared_dataset/20221002/11_0,"POLYGON ((-131.77701636880613 49.759208128694205, -131.67050367085986 49.76171390335328, -131.6667182615779 49.69271130470846, -131.77308044205688 49.6902116009951, -131.77701636880613 49.759208128694205))",False,image_directory_20221002_179,mask_directory_20221002_179
val,../datasets/sentinel2/S2B_9UYQ_20220918_0_L2A/20220918/tiles/1_6,sentinel2,S2B_9UYQ_20220918_0_L2A,2022-09-18,1_6,../prepared_dataset/20220918/1_6,"POLYGON ((-125.59936758619574 49.5336518789614, -125.49342495091854 49.53048601030398, -125.49835381680029 49.46153494367798, -125.6041482479572 49.46469315711875, -125.59936758619574 49.5336518789614))",False,image_directory_20220918_180,mask_directory_20220918_180
val,../datasets/sentinel2/S2B_10UDB_20221002_0_L2A/20221002/tiles/12_3,sentinel2,S2B_10UDB_20221002_0_L2A,2022-10-02,12_3,../prepared_dataset/20221002/12_3,"POLYGON ((-130.08842614536755 50.6173545795149, -129.9798840944127 50.618318077427745, -129.97845191349404 50.54926081682708, -130.0868353937174 50.54829966807324, -130.08842614536755 50.6173545795149))",False,image_directory_20221002_181,mask_directory_20221002_181
val,../datasets/sentinel2/S2B_9UXR_20221015_0_L2A/20221015/tiles/6_7,sentinel2,S2B_9UXR_20221015_0_L2A,2022-10-15,6_7,../prepared_dataset/20221015/6_7,"POLYGON ((-126.84916812523272 50.11794859537679, -126.741824770979 50.115909744141064, -126.74506636153725 50.04689001159821, -126.85225592159479 50.04892391075627, -126.84916812523272 50.11794859537679))",False,image_directory_20221015_182,mask_directory_20221015_182
val,../datasets/sentinel2/S2B_10UCA_20220816_0_L2A/20220816/tiles/10_4,sentinel2,S2B_10UCA_20220816_0_L2A,2022-08-16,10_4,../prepared_dataset/20220816/10_4,"POLYGON ((-131.35422643591158 49.83766246534094, -131.2475073268067 49.83978183526193, -131.2443123811158 49.77075829587836, -131.35088011677016 49.76864406470351, -131.35422643591158 49.83766246534094))",False,image_directory_20220816_183,mask_directory_20220816_183
val,../datasets/sentinel2/S2A_9UXR_20220824_0_L2A/20220824/tiles/6_8,sentinel2,S2A_9UXR_20220824_0_L2A,2022-08-24,6_8,../prepared_dataset/20220824/6_8,"POLYGON ((-126.741824770979 50.115909744141064, -126.63449402401703 50.11377173824659, -126.63788934530295 50.04475719816413, -126.74506636153725 50.04689001159821, -126.741824770979 50.115909744141064))",False,image_directory_20220824_184,mask_directory_20220824_184
val,../datasets/sentinel2/S2A_9UYR_20220920_0_L2A/20220920/tiles/8_4,sentinel2,S2A_9UYR_20220920_0_L2A,2022-09-20,8_4,../prepared_dataset/20220920/8_4,"POLYGON ((-125.78393034261676 49.95512562369026, -125.67704558452314 49.95210981044753, -125.68178668873446 49.883150599476885, -125.788519596963 49.88615910147051, -125.78393034261676 49.95512562369026))",False,image_directory_20220920_185,mask_directory_20220920_185
val,../datasets/sentinel2/S2A_10UCA_20220831_0_L2A/20220831/tiles/2_8,sentinel2,S2A_10UCA_20220831_0_L2A,2022-08-31,2_8,../prepared_dataset/20220831/2_8,"POLYGON ((-130.94958843003886 50.39781711139944, -130.84158918294517 50.39957747079005, -130.83891867926633 50.33054316652473, -130.94676155037973 50.3287870912637, -130.94958843003886 50.39781711139944))",False,image_directory_20220831_186,mask_directory_20220831_186
val,../datasets/sentinel2/S2B_10UCV_20221015_0_L2A/20221015/tiles/6_9,sentinel2,S2B_10UCV_20221015_0_L2A,2022-10-15,6_9,../prepared_dataset/20221015/6_9,"POLYGON ((-130.79750956010844 49.22424997687768, -130.69208201575896 49.22584287208637, -130.68972788642066 49.15678895764742, -130.79500893992832 49.15519991316266, -130.79750956010844 49.22424997687768))",False,image_directory_20221015_187,mask_directory_20221015_187
val,../datasets/sentinel2/S2B_9UXR_20221117_0_L2A/20221117/tiles/5_8,sentinel2,S2B_9UXR_20221117_0_L2A,2022-11-17,5_8,../prepared_dataset/20221117/5_8,"POLYGON ((-126.73857057305507 50.18492849773559, -126.63108549894987 50.182785284518225, -126.63449402401703 50.11377173824659, -126.741824770979 50.115909744141064, -126.73857057305507 50.18492849773559))",False,image_directory_20221117_188,mask_directory_20221117_188
val,../datasets/sentinel2/S2B_9UYQ_20221015_0_L2A/20221015/tiles/0_1,sentinel2,S2B_9UYQ_20221015_0_L2A,2022-10-15,0_1,../prepared_dataset/20221015/0_1,"POLYGON ((-126.12529143976631 49.61701978352691, -126.01911331228146 49.614332158303924, -126.02331639588733 49.54534623956251, -126.12934532211204 49.54802735968872, -126.12529143976631 49.61701978352691))",False,image_directory_20221015_189,mask_directory_20221015_189
val,../datasets/sentinel2/S2A_10UDB_20220831_0_L2A/20220831/tiles/12_2,sentinel2,S2A_10UDB_20220831_0_L2A,2022-08-31,12_2,../prepared_dataset/20220831/12_2,"POLYGON ((-130.1969619519164 50.61628998645416, -130.08842614536755 50.6173545795149, -130.0868353937174 50.54829966807324, -130.19521266144085 50.54723767054618, -130.1969619519164 50.61628998645416))",False,image_directory_20220831_190,mask_directory_20220831_190
val,../datasets/sentinel2/S2B_9UYQ_20220816_0_L2A/20220816/tiles/2_7,sentinel2,S2B_9UYQ_20220816_0_L2A,2022-08-16,2_7,../prepared_dataset/20220816/2_7,"POLYGON ((-125.49835381680029 49.46153494367798, -125.3925782539561 49.458280132953284, -125.3976357980326 49.38933574453629, -125.50326381426284 49.39258268887598, -125.49835381680029 49.46153494367798))",False,image_directory_20220816_191,mask_directory_20220816_191
val,../datasets/sentinel2/S2B_10UCV_20220816_0_L2A/20220816/tiles/11_12,sentinel2,S2B_10UCV_20220816_0_L2A,2022-08-16,11_12,../prepared_dataset/20220816/11_12,"POLYGON ((-130.4709735789061 48.88342653139165, -130.36624815948412 48.88471511302708, -130.364369925684 48.81564661291819, -130.46895149683627 48.8143611417254, -130.4709735789061 48.88342653139165))",False,image_directory_20220816_192,mask_directory_20220816_192
val,../datasets/sentinel2/S2A_9UXR_20220725_0_L2A/20220725/tiles/3_9,sentinel2,S2A_9UXR_20220725_0_L2A,2022-07-25,3_9,../prepared_dataset/20220725/3_9,"POLYGON ((-126.62422856930726 50.32080939353398, -126.5164464454847 50.3185558698158, -126.52003704052083 50.24954979233711, -126.62766370317739 50.251797836455616, -126.62422856930726 50.32080939353398))",False,image_directory_20220725_193,mask_directory_20220725_193
val,../datasets/sentinel2/S2B_9UYR_20220809_0_L2A/20220809/tiles/12_5,sentinel2,S2B_9UYR_20220809_0_L2A,2022-08-09,12_5,../prepared_dataset/20220809/12_5,"POLYGON ((-125.69590068808976 49.67626604565151, -125.58963785229653 49.67318196741235, -125.59445583014147 49.604225611114565, -125.70056921905206 49.60730222530233, -125.69590068808976 49.67626604565151))",False,image_directory_20220809_194,mask_directory_20220809_194
val,../datasets/sentinel2/S2B_10UCV_20221015_0_L2A/20221015/tiles/2_1,sentinel2,S2B_10UCV_20221015_0_L2A,2022-10-15,2_1,../prepared_dataset/20221015/2_1,"POLYGON ((-131.65536155972876 49.48407994882067, -131.549436622299 49.4864645086965, -131.54585763037568 49.41745196849377, -131.65163428320477 49.41507317766499, -131.65536155972876 49.48407994882067))",False,image_directory_20221015_195,mask_directory_20221015_195
val,../datasets/sentinel2/S2B_9UYR_20221117_0_L2A/20221117/tiles/3_1,sentinel2,S2B_9UYR_20221117_0_L2A,2022-11-17,3_1,../prepared_dataset/20221117/3_1,"POLYGON ((-126.08378106750182 50.30850165375974, -125.97607529975805 50.30574779947244, -125.9804444984755 50.236772855913266, -126.08799519134963 50.23952001752352, -126.08378106750182 50.30850165375974))",False,image_directory_20221117_196,mask_directory_20221117_196
val,../datasets/sentinel2/S2B_9UXS_20220901_0_L2A/20220901/tiles/12_5,sentinel2,S2B_9UXS_20220901_0_L2A,2022-09-01,12_5,../prepared_dataset/20220901/12_5,"POLYGON ((-127.04407939888208 50.60601805011487, -126.93561585397724 50.604145858275665, -126.9386311023233 50.53512314213458, -127.04693647743055 50.53699077173371, -127.04407939888208 50.60601805011487))",False,image_directory_20220901_197,mask_directory_20220901_197
val,../datasets/sentinel2/S2A_9UYR_20220722_0_L2A/20220722/tiles/8_8,sentinel2,S2A_9UYR_20220722_0_L2A,2022-07-22,8_8,../prepared_dataset/20220722/8_8,"POLYGON ((-125.35650387832956 49.94247254399866, -125.24969611329794 49.93906365500094, -125.25504366857342 49.87013606141308, -125.36169996889305 49.87353669060245, -125.35650387832956 49.94247254399866))",False,image_directory_20220722_198,mask_directory_20220722_198
val,../datasets/sentinel2/S2B_10UDU_20221015_0_L2A/20221015/tiles/0_2,sentinel2,S2B_10UDU_20221015_0_L2A,2022-10-15,0_2,../prepared_dataset/20221015/0_2,"POLYGON ((-130.15193242649036 48.74725542899212, -130.04747777245979 48.7482523225942, -130.04604459607495 48.679174083824236, -130.15035640690996 48.67817959538673, -130.15193242649036 48.74725542899212))",False,image_directory_20221015_199,mask_directory_20221015_199
val,../datasets/sentinel2/S2B_9UXR_20221117_0_L2A/20221117/tiles/9_11,sentinel2,S2B_9UXR_20221117_0_L2A,2022-11-17,9_11,../prepared_dataset/20221117/9_11,"POLYGON ((-126.43093758190167 49.90218500044956, -126.32410702760176 49.89976739528831, -126.32791861025592 49.83076675069626, -126.4345974092563 49.833178493272115, -126.43093758190167 49.90218500044956))",False,image_directory_20221117_200,mask_directory_20221117_200
val,../datasets/sentinel2/S2B_9UYR_20220730_0_L2A/20220730/tiles/11_5,sentinel2,S2B_9UYR_20220730_0_L2A,2022-07-30,11_5,../prepared_dataset/20220730/11_5,"POLYGON ((-125.69121414952446 49.74522871570633, -125.5848012933735 49.742137152425435, -125.58963785229653 49.67318196741235, -125.69590068808976 49.67626604565151, -125.69121414952446 49.74522871570633))",False,image_directory_20220730_201,mask_directory_20220730_201
val,../datasets/sentinel2/S2B_9UYR_20220809_0_L2A/20220809/tiles/0_11,sentinel2,S2B_9UYR_20220809_0_L2A,2022-08-09,0_11,../prepared_dataset/20220809/0_11,"POLYGON ((-124.99014521722657 50.48318758201494, -124.88217100488981 50.47941167733047, -124.88815514243872 50.4105209046424, -124.99597348154246 50.414287633104195, -124.99014521722657 50.48318758201494))",False,image_directory_20220809_202,mask_directory_20220809_202
val,../datasets/sentinel2/S2A_10UDA_20220920_0_L2A/20220920/tiles/1_1,sentinel2,S2A_10UDA_20220920_0_L2A,2022-09-20,1_1,../prepared_dataset/20220920/1_1,"POLYGON ((-130.30165311954207 50.47594557048792, -130.19344303037116 50.477105524569886, -130.19170747360607 50.408051460540705, -130.2997603025312 50.40689433171983, -130.30165311954207 50.47594557048792))",False,image_directory_20220920_203,mask_directory_20220920_203
val,../datasets/sentinel2/S2B_10UCV_20220925_0_L2A/20220925/tiles/0_2,sentinel2,S2B_10UCV_20220925_0_L2A,2022-09-25,0_2,../prepared_dataset/20220925/0_2,"POLYGON ((-131.55663598858044 49.624486529136135, -131.45039886387588 49.62678528241335, -131.44694175488345 49.557769216279155, -131.55302938550602 49.555476029135626, -131.55663598858044 49.624486529136135))",False,image_directory_20220925_204,mask_directory_20220925_204
val,../datasets/sentinel2/S2B_9UXS_20220901_0_L2A/20220901/tiles/13_4,sentinel2,S2B_9UXS_20220901_0_L2A,2022-09-01,13_4,../prepared_dataset/20220901/13_4,"POLYGON ((-127.15525300386612 50.538757705995245, -127.04693647743055 50.53699077173371, -127.04978240458392 50.46796255352317, -127.15794132059384 50.46972518370608, -127.15525300386612 50.538757705995245))",False,image_directory_20220901_205,mask_directory_20220901_205
val,../datasets/sentinel2/S2B_9UXR_20220925_0_L2A/20220925/tiles/6_6,sentinel2,S2B_9UXR_20220925_0_L2A,2022-09-25,6_6,../prepared_dataset/20220925/6_6,"POLYGON ((-126.95652348992273 50.11988826469617, -126.84916812523272 50.11794859537679, -126.85225592159479 50.04892391075627, -126.95945743161454 50.05085886850797, -126.95652348992273 50.11988826469617))",False,image_directory_20220925_206,mask_directory_20220925_206
val,../datasets/sentinel2/S2A_9UYR_20220801_0_L2A/20220801/tiles/8_0,sentinel2,S2A_9UYR_20220801_0_L2A,2022-08-01,8_0,../prepared_dataset/20220801/8_0,"POLYGON ((-126.21164136855504 49.96620477318144, -126.1046889866662 49.96358267621956, -126.10882216889075 49.89459564668051, -126.21562236229248 49.89721138392485, -126.21164136855504 49.96620477318144))",False,image_directory_20220801_207,mask_directory_20220801_207
val,../datasets/sentinel2/S2A_9UYR_20220920_0_L2A/20220920/tiles/13_4,sentinel2,S2A_9UYR_20220920_0_L2A,2022-09-20,13_4,../prepared_dataset/20220920/13_4,"POLYGON ((-125.80670052602389 49.61028168783075, -125.70056921905206 49.60730222530233, -125.70521983185114 49.53833725601435, -125.81120217376363 49.54130950951896, -125.80670052602389 49.61028168783075))",False,image_directory_20220920_208,mask_directory_20220920_208
val,../datasets/sentinel2/S2A_9UYR_20220801_0_L2A/20220801/tiles/9_0,sentinel2,S2A_9UYR_20220801_0_L2A,2022-08-01,9_0,../prepared_dataset/20220801/9_0,"POLYGON ((-126.21562236229248 49.89721138392485, -126.10882216889075 49.89459564668051, -126.11293940586515 49.82560754139166, -126.21958799581242 49.82821693691288, -126.21562236229248 49.89721138392485))",False,image_directory_20220801_209,mask_directory_20220801_209
val,../datasets/sentinel2/S2A_9UWS_20220817_0_L2A/20220817/tiles/13_12,sentinel2,S2A_9UWS_20220817_0_L2A,2022-08-17,13_12,../prepared_dataset/20220817/13_12,"POLYGON ((-127.69952116287209 50.54610955168017, -127.59115795420932 50.54484878902297, -127.59321162470931 50.47580142699781, -127.70141698500994 50.47705911757713, -127.69952116287209 50.54610955168017))",False,image_directory_20220817_210,mask_directory_20220817_210
val,../datasets/sentinel2/S2A_10UDB_20220920_0_L2A/20220920/tiles/10_2,sentinel2,S2A_10UDB_20220920_0_L2A,2022-09-20,10_2,../prepared_dataset/20220920/10_2,"POLYGON ((-130.20048116737897 50.75439201734971, -130.09162641413099 50.755461824242396, -130.0900231414613 50.68640863150005, -130.19871810878593 50.68534143533114, -130.20048116737897 50.75439201734971))",False,image_directory_20220920_211,mask_directory_20220920_211
val,../datasets/sentinel2/S2B_9UXR_20221117_0_L2A/20221117/tiles/9_10,sentinel2,S2B_9UXR_20221117_0_L2A,2022-11-17,9_10,../prepared_dataset/20221117/9_10,"POLYGON ((-126.53778231553018 49.90450425849741, -126.43093758190167 49.90218500044956, -126.4345974092563 49.833178493272115, -126.54129031664789 49.83549212667376, -126.53778231553018 49.90450425849741))",False,image_directory_20221117_212,mask_directory_20221117_212
val,../datasets/sentinel2/S2A_10UCA_20220722_0_L2A/20220722/tiles/3_0,sentinel2,S2A_10UCA_20220722_0_L2A,2022-07-22,3_0,../prepared_dataset/20220722/3_0,"POLYGON ((-131.80905782415692 50.31114225711468, -131.70131986966277 50.313697224311866, -131.69741533313228 50.24470295921284, -131.80499804996853 50.24215420271168, -131.80905782415692 50.31114225711468))",False,image_directory_20220722_213,mask_directory_20220722_213
val,../datasets/sentinel2/S2B_10UCU_20221015_0_L2A/20221015/tiles/1_13,sentinel2,S2B_10UCU_20221015_0_L2A,2022-10-15,1_13,../prepared_dataset/20221015/1_13,"POLYGON ((-130.36059120428123 48.675888110858764, -130.25629197750914 48.67707291579988, -130.25457743038822 48.60799888077396, -130.3587344156348 48.60681693325166, -130.36059120428123 48.675888110858764))",False,image_directory_20221015_214,mask_directory_20221015_214
val,../datasets/sentinel2/S2A_9UYR_20220831_0_L2A/20220831/tiles/9_8,sentinel2,S2A_9UYR_20220831_0_L2A,2022-08-31,9_8,../prepared_dataset/20220831/9_8,"POLYGON ((-125.36169996889305 49.87353669060245, -125.25504366857342 49.87013606141308, -125.2603706199349 49.801207224147745, -125.3668760355906 49.8045996168394, -125.36169996889305 49.87353669060245))",False,image_directory_20220831_215,mask_directory_20220831_215
val,../datasets/sentinel2/S2B_9UXR_20220925_0_L2A/20220925/tiles/3_10,sentinel2,S2B_9UXR_20220925_0_L2A,2022-09-25,3_10,../prepared_dataset/20220925/3_10,"POLYGON ((-126.5164464454847 50.3185558698158, -126.40867833257835 50.3162025254683, -126.41242431786706 50.24720216975947, -126.52003704052083 50.24954979233711, -126.5164464454847 50.3185558698158))",False,image_directory_20220925_216,mask_directory_20220925_216
val,../datasets/sentinel2/S2B_10UCA_20220730_0_L2A/20220730/tiles/1_12,sentinel2,S2B_10UCA_20220730_0_L2A,2022-07-30,1_12,../prepared_dataset/20220730/1_12,"POLYGON ((-130.51974092362994 50.473301907170324, -130.41154640225076 50.474664553619796, -130.40949390642274 50.40561643482138, -130.51753124677427 50.40425710696954, -130.51974092362994 50.473301907170324))",False,image_directory_20220730_217,mask_directory_20220730_217
val,../datasets/sentinel2/S2A_10UDV_20220808_1_L2A/20220808/tiles/9_1,sentinel2,S2A_10UDV_20220808_1_L2A,2022-08-08,9_1,../prepared_dataset/20220808/9_1,"POLYGON ((-130.26336313143955 49.024066714481826, -130.15833435571176 49.02516893243605, -130.15673402480672 48.956096600571826, -130.2616177849173 48.95499704518165, -130.26336313143955 49.024066714481826))",False,image_directory_20220808_218,mask_directory_20220808_218
val,../datasets/sentinel2/S2B_10UCU_20221015_0_L2A/20221015/tiles/0_13,sentinel2,S2B_10UCU_20221015_0_L2A,2022-10-15,0_13,../prepared_dataset/20221015/0_13,"POLYGON ((-130.36245505099888 48.74495840288321, -130.25801304240056 48.74614607301859, -130.25629197750914 48.67707291579988, -130.36059120428123 48.675888110858764, -130.36245505099888 48.74495840288321))",False,image_directory_20221015_219,mask_directory_20221015_219
val,../datasets/sentinel2/S2B_10UDU_20220925_0_L2A/20220925/tiles/3_3,sentinel2,S2B_10UDU_20220925_0_L2A,2022-09-25,3_3,../prepared_dataset/20220925/3_3,"POLYGON ((-130.0431945012966 48.54101501413099, -129.93916138168166 48.5419107261975, -129.93788566570646 48.47282773585319, -130.04177753048532 48.47193418299282, -130.0431945012966 48.54101501413099))",False,image_directory_20220925_220,mask_directory_20220925_220
