ID,split,imagery_id,date,coordinates,if_fire,data_path,mask_path
20180315_140,test,S2A_10UCB_20180315_1_L2A,2018-03-15,"POLYGON ((-130.9553200004298 50.53695288975567, -130.84700370002597 50.53872192208584, -130.84431209918932 50.46968948696597, -130.95247079031918 50.4679247638184, -130.9553200004298 50.53695288975567))",False,image_directory_20180315_140,mask_directory_20180315_140
20180315_142,test,S2A_10UDB_20180315_1_L2A,2018-03-15,"POLYGON ((-130.0900231414613 50.68640863150005, -129.98132189759875 50.687374485428144, -129.9798840944127 50.618318077427745, -130.08842614536755 50.6173545795149, -130.0900231414613 50.68640863150005))",False,image_directory_20180315_142,mask_directory_20180315_142
20180315_88,train,S2A_10UDB_20180315_1_L2A,2018-03-15,"POLYGON ((-129.9798840944127 50.618318077427745, -129.87133642122438 50.61918046708183, -129.87006283976658 50.55012110375891, -129.97845191349404 50.54926081682708, -129.9798840944127 50.618318077427745))",False,image_directory_20180315_88,mask_directory_20180315_88
20180315_91,train,S2A_10UDV_20180315_0_L2A,2018-03-15,"POLYGON ((-129.94434329740662 48.819853146986816, -129.83973147226888 48.82066269125822, -129.83857958909257 48.75158119980224, -129.94304796425834 48.75077360944212, -129.94434329740662 48.819853146986816))",False,image_directory_20180315_91,mask_directory_20180315_91
20180318_103,train,S2A_9UXS_20180318_0_L2A,2018-03-18,"POLYGON ((-127.26103949458563 50.609459586768466, -127.15255415233162 50.60778930097089, -127.15525300386612 50.538757705995245, -127.26358006504528 50.54042392095767, -127.26103949458563 50.609459586768466))",False,image_directory_20180318_103,mask_directory_20180318_103
20180318_71,train,S2A_9UXR_20180318_0_L2A,2018-03-18,"POLYGON ((-126.84916812523272 50.11794859537679, -126.741824770979 50.115909744141064, -126.74506636153725 50.04689001159821, -126.85225592159479 50.04892391075627, -126.84916812523272 50.11794859537679))",False,image_directory_20180318_71,mask_directory_20180318_71
20180422_166,test,S2B_9UWR_20180422_0_L2A,2018-04-22,"POLYGON ((-127.69955084215027 50.54503064537831, -127.59119010461468 50.543769930790944, -127.59324364965362 50.474722554950475, -127.7014465484625 50.475980197599256, -127.69955084215027 50.54503064537831))",False,image_directory_20180422_166,mask_directory_20180422_166
20180422_46,train,S2B_9UYR_20180422_0_L2A,2018-04-22,"POLYGON ((-125.4833935974753 49.67000054328374, -125.37716849646142 49.66672181510068, -125.38228508846116 49.59778109054588, -125.48836092993919 49.60105188564833, -125.4833935974753 49.67000054328374))",False,image_directory_20180422_46,mask_directory_20180422_46
20180422_57,train,S2B_10UCA_20180422_0_L2A,2018-04-22,"POLYGON ((-130.95527539581263 50.53587433251706, -130.84696156278733 50.537643297420075, -130.84427012633031 50.46861084780821, -130.95242635969086 50.46684619189256, -130.95527539581263 50.53587433251706))",False,image_directory_20180422_57,mask_directory_20180422_57
20180511_113,train,S2A_10UCA_20180511_0_L2A,2018-05-11,"POLYGON ((-131.25393438529517 49.977825981155426, -131.14689827956065 49.97985699833824, -131.1438311432251 49.91083048542201, -131.25071464079227 49.90880439716843, -131.25393438529517 49.977825981155426))",False,image_directory_20180511_113,mask_directory_20180511_113
20180511_95,train,S2A_10UCA_20180511_0_L2A,2018-05-11,"POLYGON ((-131.57128820130544 49.902135636672675, -131.46444375709842 49.904456943937156, -131.46093259223022 49.835444926865776, -131.5676252116484 49.83312924920604, -131.57128820130544 49.902135636672675))",False,image_directory_20180511_95,mask_directory_20180511_95
20180512_183,val,S2B_10UCA_20180512_0_L2A,2018-05-12,"POLYGON ((-131.46093259223022 49.835444926865776, -131.35422643591158 49.83766246534094, -131.35088011677016 49.76864406470351, -131.4574349643406 49.766431902520914, -131.46093259223022 49.835444926865776))",False,image_directory_20180512_183,mask_directory_20180512_183
20180512_47,train,S2B_9UXR_20180512_0_L2A,2018-05-12,"POLYGON ((-126.8398324290912 50.32501685914232, -126.73202409901268 50.32296306630359, -126.73530370385289 50.25394627193798, -126.84295644009124 50.2559950699378, -126.8398324290912 50.32501685914232))",False,image_directory_20180512_47,mask_directory_20180512_47
20180512_92,train,S2B_9UXR_20180512_0_L2A,2018-05-12,"POLYGON ((-126.41242431786706 50.24720216975947, -126.30482613670658 50.24475500022902, -126.3087122957306 50.17575956424168, -126.4161557615768 50.17820078707396, -126.41242431786706 50.24720216975947))",False,image_directory_20180512_92,mask_directory_20180512_92
20180514_9,train,S2A_9UYR_20180514_0_L2A,2018-05-14,"POLYGON ((-125.46837629296328 49.87683935226469, -125.36169996889305 49.87353669060245, -125.3668760355906 49.8045996168394, -125.47340137505778 49.80789427818403, -125.46837629296328 49.87683935226469))",True,image_directory_20180514_9,mask_directory_20180514_9
20180517_77,train,S2A_9UXS_20180517_0_L2A,2018-05-17,"POLYGON ((-127.37191704400429 50.54198939402145, -127.26358006504528 50.54042392095767, -127.26611071766558 50.47138733963889, -127.37428998197221 50.472948998828635, -127.37191704400429 50.54198939402145))",False,image_directory_20180517_77,mask_directory_20180517_77
20180517_82,train,S2A_9UXS_20180517_0_L2A,2018-05-17,"POLYGON ((-127.26358006504528 50.54042392095767, -127.15525300386612 50.538757705995245, -127.15794132059384 50.46972518370608, -127.26611071766558 50.47138733963889, -127.26358006504528 50.54042392095767))",False,image_directory_20180517_82,mask_directory_20180517_82
20180522_0,train,S2B_9UYR_20180522_0_L2A,2018-05-22,"POLYGON ((-125.5701791979101 49.948995664984565, -125.46333176774317 49.94578322862888, -125.46837629296328 49.87683935226469, -125.57507206004699 49.880044002696344, -125.5701791979101 49.948995664984565))",True,image_directory_20180522_0,mask_directory_20180522_0
20180522_110,train,S2B_9UXR_20180522_0_L2A,2018-05-22,"POLYGON ((-126.8398324290912 50.32501685914232, -126.73202409901268 50.32296306630359, -126.73530370385289 50.25394627193798, -126.84295644009124 50.2559950699378, -126.8398324290912 50.32501685914232))",False,image_directory_20180522_110,mask_directory_20180522_110
20180522_112,train,S2B_9UXR_20180522_0_L2A,2018-05-22,"POLYGON ((-126.22125450281315 49.82825693087306, -126.11460566958593 49.825649067019356, -126.1187046819256 49.75665978630964, -126.22520249260845 49.75926133004088, -126.22125450281315 49.82825693087306))",False,image_directory_20180522_112,mask_directory_20180522_112
20180522_148,test,S2B_9UYR_20180522_0_L2A,2018-05-22,"POLYGON ((-125.5848012933735 49.742137152425435, -125.47840711109475 49.73894800799162, -125.4833935974753 49.67000054328374, -125.58963785229653 49.67318196741235, -125.5848012933735 49.742137152425435))",False,image_directory_20180522_148,mask_directory_20180522_148
20180616_127,train,S2A_9UYR_20180616_0_L2A,2018-06-16,"POLYGON ((-125.788519596963 49.88615910147051, -125.68178668873446 49.883150599476885, -125.68650951329917 49.81419023410448, -125.79309115436176 49.81719144551092, -125.788519596963 49.88615910147051))",False,image_directory_20180616_127,mask_directory_20180616_127
20180616_149,test,S2A_9UYR_20180616_0_L2A,2018-06-16,"POLYGON ((-125.69590068808976 49.67626604565151, -125.58963785229653 49.67318196741235, -125.59445583014147 49.604225611114565, -125.70056921905206 49.60730222530233, -125.69590068808976 49.67626604565151))",False,image_directory_20180616_149,mask_directory_20180616_149
20180616_174,val,S2A_9UWS_20180616_0_L2A,2018-06-16,"POLYGON ((-127.58494847470458 50.751985570556435, -127.47611617386474 50.75061399528354, -127.47835379062867 50.68157263208529, -127.58702642068654 50.68294086072331, -127.58494847470458 50.751985570556435))",False,image_directory_20180616_174,mask_directory_20180616_174
20180616_177,val,S2A_9UXS_20180616_0_L2A,2018-06-16,"POLYGON ((-127.47803946465613 50.61249717372981, -127.36953480552138 50.61102888480064, -127.37191704400429 50.54198939402145, -127.48026332342242 50.543454103949834, -127.47803946465613 50.61249717372981))",False,image_directory_20180616_177,mask_directory_20180616_177
20180616_186,val,S2A_10UCA_20180616_0_L2A,2018-06-16,"POLYGON ((-131.7809675056921 49.828203600273625, -131.67430371052106 49.830715463024084, -131.67050367085986 49.76171390335328, -131.77701636880613 49.759208128694205, -131.7809675056921 49.828203600273625))",False,image_directory_20180616_186,mask_directory_20180616_186
20180618_139,test,S2B_9UXR_20180618_0_L2A,2018-06-18,"POLYGON ((-126.300924835124 50.31374939214619, -126.19318655713849 50.311196502838385, -126.19724309801543 50.24220831658002, -126.30482613670658 50.24475500022902, -126.300924835124 50.31374939214619))",False,image_directory_20180618_139,mask_directory_20180618_139
20180618_14,train,S2B_9UXR_20180618_0_L2A,2018-06-18,"POLYGON ((-126.32410702760176 49.89976739528831, -126.21729123871425 49.89725147508932, -126.22125450281315 49.82825693087306, -126.32791861025592 49.83076675069626, -126.32410702760176 49.89976739528831))",True,image_directory_20180618_14,mask_directory_20180618_14
20180618_26,test,S2B_9UXR_20180618_0_L2A,2018-06-18,"POLYGON ((-126.20931857999868 50.03523739021615, -126.10221317468839 50.03261045828078, -126.1063599959208 49.96362440396579, -126.21331262354327 49.96624496182609, -126.20931857999868 50.03523739021615))",True,image_directory_20180618_26,mask_directory_20180618_26
20180618_3,train,S2B_9UXR_20180618_0_L2A,2018-06-18,"POLYGON ((-126.42357531752924 50.04019494355489, -126.31643949143137 50.03776556320229, -126.32028067944972 49.9687669997153, -126.42726357513628 49.97119048410589, -126.42357531752924 50.04019494355489))",True,image_directory_20180618_3,mask_directory_20180618_3
20180618_35,val,S2B_9UXR_20180618_0_L2A,2018-06-18,"POLYGON ((-126.31643949143137 50.03776556320229, -126.20931857999868 50.03523739021615, -126.21331262354327 49.96624496182609, -126.32028067944972 49.9687669997153, -126.31643949143137 50.03776556320229))",True,image_directory_20180618_35,mask_directory_20180618_35
20180618_53,train,S2B_10UDV_20180618_0_L2A,2018-06-18,"POLYGON ((-130.37028279042957 49.09193482071558, -130.26511514893943 49.09313550633479, -130.26336313143955 49.024066714481826, -130.36838523622677 49.022868930119785, -130.37028279042957 49.09193482071558))",False,image_directory_20180618_53,mask_directory_20180618_53
20180703_129,train,S2A_9UYR_20180703_0_L2A,2018-07-03,"POLYGON ((-125.7653945658079 50.23098034961218, -125.65789652279332 50.22793508254463, -125.66271167140775 50.158980503082965, -125.7700555044756 50.16201837514725, -125.7653945658079 50.23098034961218))",False,image_directory_20180703_129,mask_directory_20180703_129
20180703_147,test,S2A_10UCA_20180703_0_L2A,2018-07-03,"POLYGON ((-131.77701636880613 49.759208128694205, -131.67050367085986 49.76171390335328, -131.6667182615779 49.69271130470846, -131.77308044205688 49.6902116009951, -131.77701636880613 49.759208128694205))",False,image_directory_20180703_147,mask_directory_20180703_147
20180703_180,val,S2A_9UYQ_20180703_0_L2A,2018-07-03,"POLYGON ((-125.60891060567182 49.39573326840127, -125.50326381426284 49.39258268887598, -125.50815503644102 49.3236292474535, -125.61365474971223 49.32677221425303, -125.60891060567182 49.39573326840127))",False,image_directory_20180703_180,mask_directory_20180703_180
20180703_198,val,S2A_10UDU_20180703_0_L2A,2018-07-03,"POLYGON ((-129.93788566570646 48.47282773585319, -129.8339889843084 48.47362751823729, -129.83285882993277 48.40454174190737, -129.93661476637655 48.40374388699589, -129.93788566570646 48.47282773585319))",False,image_directory_20180703_198,mask_directory_20180703_198
20180703_22,test,S2A_9UYR_20180703_0_L2A,2018-07-03,"POLYGON ((-125.57507206004699 49.880044002696344, -125.46837629296328 49.87683935226469, -125.47340137505778 49.80789427818403, -125.57994606047134 49.81109116468042, -125.57507206004699 49.880044002696344))",True,image_directory_20180703_22,mask_directory_20180703_22
20180703_63,train,S2A_10UCU_20180703_0_L2A,2018-07-03,"POLYGON ((-130.4608929423896 48.53647182827095, -130.35688465087512 48.537744870064095, -130.35504187604687 48.468671921301336, -130.458909032541 48.467401947782804, -130.4608929423896 48.53647182827095))",False,image_directory_20180703_63,mask_directory_20180703_63
20180704_119,train,S2B_9UXS_20180704_0_L2A,2018-07-04,"POLYGON ((-127.26103949458563 50.609459586768466, -127.15255415233162 50.60778930097089, -127.15525300386612 50.538757705995245, -127.26358006504528 50.54042392095767, -127.26103949458563 50.609459586768466))",False,image_directory_20180704_119,mask_directory_20180704_119
20180711_152,test,S2B_9UYR_20180711_0_L2A,2018-07-11,"POLYGON ((-126.00203792064691 49.89188166298838, -125.89527020203685 49.88906946882801, -125.89969040385189 49.82009475923514, -126.00630668135425 49.822900136894816, -126.00203792064691 49.89188166298838))",False,image_directory_20180711_152,mask_directory_20180711_152
20180711_16,train,S2B_9UYR_20180711_0_L2A,2018-07-11,"POLYGON ((-124.95818368695447 49.58372809066878, -124.85221166591536 49.57997261604244, -124.85805056643485 49.51107373193187, -124.96387441127948 49.514820129876014, -124.95818368695447 49.58372809066878))",True,image_directory_20180711_16,mask_directory_20180711_16
20180711_7,train,S2B_9UYQ_20180711_1_L2A,2018-07-11,"POLYGON ((-124.95831731349323 49.58211307530586, -124.8523487717983 49.57835781370439, -124.85818714713864 49.50945889835411, -124.9640075258676 49.51320508386705, -124.95831731349323 49.58211307530586))",True,image_directory_20180711_7,mask_directory_20180711_7
20180715_130,train,S2B_10UDV_20180715_0_L2A,2018-07-15,"POLYGON ((-130.15355159469712 48.817949326142816, -130.048950186963 48.818948688075864, -130.0475114278465 48.7498713334538, -130.15196943627072 48.748874383402104, -130.15355159469712 48.817949326142816))",False,image_directory_20180715_130,mask_directory_20180715_130
20180715_135,train,S2B_10UCA_20180715_0_L2A,2018-07-15,"POLYGON ((-131.6667182615779 49.69271130470846, -131.56034152370555 49.69511340543029, -131.55672068488488 49.62610395048589, -131.66294740977278 49.623707667857836, -131.6667182615779 49.69271130470846))",False,image_directory_20180715_135,mask_directory_20180715_135
20180715_43,train,S2B_10UDU_20180715_0_L2A,2018-07-15,"POLYGON ((-130.04747777245979 48.7482523225942, -129.94301766388796 48.74915454749164, -129.9417273571734 48.680074131878804, -130.04604459607495 48.679174083824236, -130.04747777245979 48.7482523225942))",False,image_directory_20180715_43,mask_directory_20180715_43
20180715_61,train,S2B_10UDA_20180715_0_L2A,2018-07-15,"POLYGON ((-129.97700307991528 50.47912366358803, -129.8687744499928 50.47998182119073, -129.86751086896356 50.41092075086864, -129.97558214427204 50.410064683717394, -129.97700307991528 50.47912366358803))",False,image_directory_20180715_61,mask_directory_20180715_61
20180715_74,train,S2B_10UCV_20180715_0_L2A,2018-07-15,"POLYGON ((-131.4400672744555 49.41973406998922, -131.33426378190975 49.421919452331444, -131.33099413051323 49.35289508713842, -131.43664977194712 49.350714991018414, -131.4400672744555 49.41973406998922))",False,image_directory_20180715_74,mask_directory_20180715_74
20180716_102,train,S2A_10UCA_20180716_0_L2A,2018-07-16,"POLYGON ((-131.55672068488488 49.62610395048589, -131.45048004952844 49.628402834406735, -131.44702262878022 49.559386791831336, -131.5531137566122 49.55709347441001, -131.55672068488488 49.62610395048589))",False,image_directory_20180716_102,mask_directory_20180716_102
20180716_32,val,S2A_9UXR_20180716_0_L2A,2018-07-16,"POLYGON ((-126.22125450281315 49.82825693087306, -126.11460566958593 49.825649067019356, -126.1187046819256 49.75665978630964, -126.22520249260845 49.75926133004088, -126.22125450281315 49.82825693087306))",True,image_directory_20180716_32,mask_directory_20180716_32
20180716_89,train,S2A_10UCA_20180716_0_L2A,2018-07-16,"POLYGON ((-131.45048004952844 49.628402834406735, -131.34422607870374 49.63060428938158, -131.3409182317044 49.56158291573155, -131.44702262878022 49.559386791831336, -131.45048004952844 49.628402834406735))",False,image_directory_20180716_89,mask_directory_20180716_89
20180728_100,train,S2B_9UYR_20180728_0_L2A,2018-07-28,"POLYGON ((-126.01901460852237 49.615949002703516, -125.91284917979793 49.61316395958212, -125.91720177646224 49.544184806574144, -126.0232180709109 49.546963109501284, -126.01901460852237 49.615949002703516))",False,image_directory_20180728_100,mask_directory_20180728_100
20180731_146,test,S2B_9UYR_20180731_1_L2A,2018-07-31,"POLYGON ((-125.8683865696154 50.30289429674448, -125.7607154787941 50.29994118390697, -125.7653945658079 50.23098034961218, -125.8729107570619 50.233926287225614, -125.8683865696154 50.30289429674448))",False,image_directory_20180731_146,mask_directory_20180731_146
20180731_172,val,S2B_9UYR_20180731_1_L2A,2018-07-31,"POLYGON ((-125.78393034261676 49.95512562369026, -125.67704558452314 49.95210981044753, -125.68178668873446 49.883150599476885, -125.788519596963 49.88615910147051, -125.78393034261676 49.95512562369026))",False,image_directory_20180731_172,mask_directory_20180731_172
20180731_31,val,S2B_9UXS_20180731_1_L2A,2018-07-31,"POLYGON ((-126.9386311023233 50.53512314213458, -126.83033749472789 50.533154842520105, -126.83349846915641 50.46413596715497, -126.94163458308695 50.46609947293854, -126.9386311023233 50.53512314213458))",True,image_directory_20180731_31,mask_directory_20180731_31
20180731_39,train,S2B_9UXS_20180731_1_L2A,2018-07-31,"POLYGON ((-127.26103949458563 50.609459586768466, -127.15255415233162 50.60778930097089, -127.15525300386612 50.538757705995245, -127.26358006504528 50.54042392095767, -127.26103949458563 50.609459586768466))",False,image_directory_20180731_39,mask_directory_20180731_39
20180807_1,train,S2B_9UYS_20180807_1_L2A,2018-08-07,"POLYGON ((-124.7367744909437 50.889871343370615, -124.62789858074765 50.885836938989485, -124.63434390309286 50.81697366519435, -124.74306050839832 50.820998240849185, -124.7367744909437 50.889871343370615))",True,image_directory_20180807_1,mask_directory_20180807_1
20180807_33,val,S2B_9UXR_20180807_0_L2A,2018-08-07,"POLYGON ((-126.95357813500571 50.18891670960556, -126.84606831836393 50.18697231522657, -126.84916812523272 50.11794859537679, -126.95652348992273 50.11988826469617, -126.95357813500571 50.18891670960556))",True,image_directory_20180807_33,mask_directory_20180807_33
20180807_37,train,S2B_9UXS_20180807_1_L2A,2018-08-07,"POLYGON ((-127.47356551993965 50.75058063129576, -127.36474223571159 50.749105152991895, -127.3671432187832 50.68006747113423, -127.47580687845881 50.68153934950302, -127.47356551993965 50.75058063129576))",False,image_directory_20180807_37,mask_directory_20180807_37
20180807_90,train,S2B_9UXR_20180807_0_L2A,2018-08-07,"POLYGON ((-127.48029800220529 50.54237529889082, -127.37195419256112 50.540910644801805, -127.37432698558553 50.471870235477795, -127.48251304279826 50.47333132111048, -127.48029800220529 50.54237529889082))",False,image_directory_20180807_90,mask_directory_20180807_90
20180809_199,val,S2A_10UCV_20180809_0_L2A,2018-08-09,"POLYGON ((-130.5778654389746 48.951104022984055, -130.47300337189023 48.95249102696047, -130.4709735789061 48.88342653139165, -130.5756912874563 48.882042876327525, -130.5778654389746 48.951104022984055))",False,image_directory_20180809_199,mask_directory_20180809_199
20180814_124,train,S2B_10UCV_20180814_0_L2A,2018-08-14,"POLYGON ((-131.33754600309172 49.49094282859376, -131.23158146030147 49.493036529963156, -131.22844771964967 49.42400808695786, -131.33426378190975 49.421919452331444, -131.33754600309172 49.49094282859376))",False,image_directory_20180814_124,mask_directory_20180814_124
20180814_44,train,S2B_10UCV_20180814_0_L2A,2018-08-14,"POLYGON ((-130.67809107403681 48.81150568472108, -130.57352539467144 48.81298082641985, -130.57136772040144 48.74391787334593, -130.67579017415466 48.74244629091118, -130.67809107403681 48.81150568472108))",False,image_directory_20180814_44,mask_directory_20180814_44
20180815_101,train,S2A_10UCA_20180815_1_L2A,2018-08-15,"POLYGON ((-130.62792679435228 50.471838727288436, -130.51974092362994 50.473301907170324, -130.51753124677427 50.40425710696954, -130.62555998048137 50.40279749031352, -130.62792679435228 50.471838727288436))",False,image_directory_20180815_101,mask_directory_20180815_101
20180815_40,train,S2A_10UCA_20180815_1_L2A,2018-08-15,"POLYGON ((-131.45395080582114 49.69741787150198, -131.34754668578682 49.69962467254448, -131.34422607870374 49.63060428938158, -131.45048004952844 49.628402834406735, -131.45395080582114 49.69741787150198))",False,image_directory_20180815_40,mask_directory_20180815_40
20180817_20,train,S2B_9UXR_20180817_0_L2A,2018-08-17,"POLYGON ((-126.84606831836393 50.18697231522657, -126.73857057305507 50.18492849773559, -126.741824770979 50.115909744141064, -126.84916812523272 50.11794859537679, -126.84606831836393 50.18697231522657))",True,image_directory_20180817_20,mask_directory_20180817_20
20180817_42,train,S2B_9UYR_20180817_1_L2A,2018-08-17,"POLYGON ((-125.37203217836218 49.73566132443381, -125.26567707018853 49.732277145052215, -125.27096312143453 49.66334582596361, -125.37716849646142 49.66672181510068, -125.37203217836218 49.73566132443381))",False,image_directory_20180817_42,mask_directory_20180817_42
20180822_132,train,S2A_10UDB_20180822_1_L2A,2018-08-22,"POLYGON ((-130.3074061744288 50.684172911475365, -130.19871810878593 50.68534143533114, -130.1969619519164 50.61628998645416, -130.30549089211266 50.615124312730494, -130.3074061744288 50.684172911475365))",False,image_directory_20180822_132,mask_directory_20180822_132
20180901_137,test,S2A_9UXR_20180901_0_L2A,2018-09-01,"POLYGON ((-126.31643949143137 50.03776556320229, -126.20931857999868 50.03523739021615, -126.21331262354327 49.96624496182609, -126.32028067944972 49.9687669997153, -126.31643949143137 50.03776556320229))",False,image_directory_20180901_137,mask_directory_20180901_137
20181004_108,train,S2A_9UYQ_20181004_0_L2A,2018-10-04,"POLYGON ((-124.95831731349323 49.58211307530586, -124.8523487717983 49.57835781370439, -124.85818714713864 49.50945889835411, -124.9640075258676 49.51320508386705, -124.95831731349323 49.58211307530586))",False,image_directory_20181004_108,mask_directory_20181004_108
20181004_67,train,S2A_9UXR_20181004_0_L2A,2018-10-04,"POLYGON ((-127.48251304279826 50.47333132111048, -127.37432698558553 50.471870235477795, -127.37669052623855 50.40282892177451, -127.48471944548726 50.4042864492768, -127.48251304279826 50.47333132111048))",False,image_directory_20181004_67,mask_directory_20181004_67
20181013_158,test,S2B_10UCA_20181013_0_L2A,2018-10-13,"POLYGON ((-131.45048004952844 49.628402834406735, -131.34422607870374 49.63060428938158, -131.3409182317044 49.56158291573155, -131.44702262878022 49.559386791831336, -131.45048004952844 49.628402834406735))",False,image_directory_20181013_158,mask_directory_20181013_158
20181013_70,train,S2B_10UDA_20181013_0_L2A,2018-10-13,"POLYGON ((-130.08522614530546 50.478164893719025, -129.97700307991528 50.47912366358803, -129.97558214427204 50.410064683717394, -130.08364788337295 50.40910824929976, -130.08522614530546 50.478164893719025))",False,image_directory_20181013_70,mask_directory_20181013_70
20181021_138,test,S2A_9UXR_20181021_0_L2A,2018-10-21,"POLYGON ((-126.22125450281315 49.82825693087306, -126.11460566958593 49.825649067019356, -126.1187046819256 49.75665978630964, -126.22520249260845 49.75926133004088, -126.22125450281315 49.82825693087306))",False,image_directory_20181021_138,mask_directory_20181021_138
20181021_168,test,S2A_10UDB_20181021_0_L2A,2018-10-21,"POLYGON ((-130.09162641413099 50.755461824242396, -129.98276535198525 50.75643004107918, -129.98132189759875 50.687374485428144, -130.0900231414613 50.68640863150005, -130.09162641413099 50.755461824242396))",False,image_directory_20181021_168,mask_directory_20181021_168
20181021_187,val,S2A_10UCA_20181021_0_L2A,2018-10-21,"POLYGON ((-131.77308044205688 49.6902116009951, -131.6667182615779 49.69271130470846, -131.66294740977278 49.623707667857836, -131.76915964966864 49.62121401803501, -131.77308044205688 49.6902116009951))",False,image_directory_20181021_187,mask_directory_20181021_187
20181021_54,train,S2A_9UYR_20181021_0_L2A,2018-10-21,"POLYGON ((-125.80218153138314 49.67925273743341, -125.69590068808976 49.67626604565151, -125.70056921905206 49.60730222530233, -125.80670052602389 49.61028168783075, -125.80218153138314 49.67925273743341))",False,image_directory_20181021_54,mask_directory_20181021_54
20181021_93,train,S2A_10UCA_20181021_0_L2A,2018-10-21,"POLYGON ((-131.36095799792983 49.975696289974536, -131.25393438529517 49.977825981155426, -131.25071464079227 49.90880439716843, -131.35758570791415 49.90667987393794, -131.36095799792983 49.975696289974536))",False,image_directory_20181021_93,mask_directory_20181021_93
20190318_106,train,S2B_9UXS_20190318_0_L2A,2019-03-18,"POLYGON ((-127.3671432187832 50.68006747113423, -127.2584889553842 50.678494336979206, -127.26103949458563 50.609459586768466, -127.36953480552138 50.61102888480064, -127.3671432187832 50.68006747113423))",False,image_directory_20190318_106,mask_directory_20190318_106
20190320_97,train,S2A_9UXS_20190320_0_L2A,2019-03-20,"POLYGON ((-127.2584889553842 50.678494336979206, -127.14984471192898 50.676819968477105, -127.15255415233162 50.60778930097089, -127.26103949458563 50.609459586768466, -127.2584889553842 50.678494336979206))",False,image_directory_20190320_97,mask_directory_20190320_97
20190424_115,train,S2B_9UYR_20190424_0_L2A,2019-04-24,"POLYGON ((-125.46333176774317 49.94578322862888, -125.35650387832956 49.94247254399866, -125.36169996889305 49.87353669060245, -125.46837629296328 49.87683935226469, -125.46333176774317 49.94578322862888))",False,image_directory_20190424_115,mask_directory_20190424_115
20190424_179,val,S2B_10UCA_20190424_0_L2A,2019-04-24,"POLYGON ((-130.73863718301166 50.53931154734361, -130.6303028733925 50.54087905966139, -130.62792679435228 50.471838727288436, -130.73610339996065 50.47027503378, -130.73863718301166 50.53931154734361))",False,image_directory_20190424_179,mask_directory_20190424_179
20190424_200,val,S2B_9UXR_20190424_0_L2A,2019-04-24,"POLYGON ((-127.05829770719795 50.25979364476499, -126.95062130898529 50.2579442029406, -126.95357813500571 50.18891670960556, -127.06109942268336 50.190761654813805, -127.05829770719795 50.25979364476499))",False,image_directory_20190424_200,mask_directory_20190424_200
20190424_48,train,S2B_9UXR_20190424_1_L2A,2019-04-24,"POLYGON ((-127.16598503098355 50.26154337056383, -127.05829770719795 50.25979364476499, -127.06109942268336 50.190761654813805, -127.16863158069472 50.19250712612062, -127.16598503098355 50.26154337056383))",False,image_directory_20190424_48,mask_directory_20190424_48
20190424_58,train,S2B_9UXR_20190424_1_L2A,2019-04-24,"POLYGON ((-126.21331262354327 49.96624496182609, -126.1063599959208 49.96362440396579, -126.11049080080998 49.89463727322433, -126.21729123871425 49.89725147508932, -126.21331262354327 49.96624496182609))",False,image_directory_20190424_58,mask_directory_20190424_58
20190430_197,val,S2B_9UWS_20190430_0_L2A,2019-04-30,"POLYGON ((-127.69378895077142 50.753255603285176, -127.58494847470458 50.751985570556435, -127.58702642068654 50.68294086072331, -127.69570718405086 50.68420779440664, -127.69378895077142 50.753255603285176))",False,image_directory_20190430_197,mask_directory_20190430_197
20190522_2,train,S2A_9UYR_20190522_0_L2A,2019-05-22,"POLYGON ((-125.3512876632677 50.01140717529444, -125.24432785059035 50.00799000305391, -125.24969611329794 49.93906365500094, -125.35650387832956 49.94247254399866, -125.3512876632677 50.01140717529444))",True,image_directory_20190522_2,mask_directory_20190522_2
20190522_30,val,S2A_9UYR_20190522_0_L2A,2019-05-22,"POLYGON ((-125.2603706199349 49.801207224147745, -125.15388570526942 49.79771714488544, -125.15934236090588 49.728795514416355, -125.26567707018853 49.732277145052215, -125.2603706199349 49.801207224147745))",True,image_directory_20190522_30,mask_directory_20190522_30
20190522_66,train,S2A_9UXR_20190522_0_L2A,2019-05-22,"POLYGON ((-126.4161557615768 50.17820078707396, -126.3087122957306 50.17575956424168, -126.31258338866087 50.1067630849714, -126.41987273715253 50.10919837810793, -126.4161557615768 50.17820078707396))",False,image_directory_20190522_66,mask_directory_20190522_66
20190529_131,train,S2A_10UCB_20190529_0_L2A,2019-05-29,"POLYGON ((-130.41986979952023 50.75192699782267, -130.3110296720973 50.75320152630184, -130.3091043673609 50.6841538493816, -130.4177847838692 50.68288243091061, -130.41986979952023 50.75192699782267))",False,image_directory_20190529_131,mask_directory_20190529_131
20190529_151,test,S2A_9UYR_20190529_0_L2A,2019-05-29,"POLYGON ((-125.98479674563274 50.16779681257179, -125.87741739424553 50.164957158072596, -125.88190656970957 50.09598691047528, -125.98913212677263 50.09881967053217, -125.98479674563274 50.16779681257179))",False,image_directory_20190529_151,mask_directory_20190529_151
20190529_27,test,S2A_9UYR_20190529_0_L2A,2019-05-29,"POLYGON ((-125.45826770165672 50.01472590566331, -125.3512876632677 50.01140717529444, -125.35650387832956 49.94247254399866, -125.46333176774317 49.94578322862888, -125.45826770165672 50.01472590566331))",True,image_directory_20190529_27,mask_directory_20190529_27
20190529_41,train,S2A_9UYR_20190529_0_L2A,2019-05-29,"POLYGON ((-125.38228508846116 49.59778109054588, -125.27622887507313 49.594413268709154, -125.28147443181047 49.52547947510624, -125.38738205225935 49.5288391524663, -125.38228508846116 49.59778109054588))",False,image_directory_20190529_41,mask_directory_20190529_41
20190529_51,train,S2A_9UYS_20190529_0_L2A,2019-05-29,"POLYGON ((-124.83952443739996 50.96268574072788, -124.73046374289595 50.958743065010296, -124.7367744909437 50.889871343370615, -124.84567513158308 50.89380440751665, -124.83952443739996 50.96268574072788))",False,image_directory_20190529_51,mask_directory_20190529_51
20190529_96,train,S2A_10UCA_20190529_0_L2A,2019-05-29,"POLYGON ((-130.84696156278733 50.537643297420075, -130.73863718301166 50.53931154734361, -130.73610339996065 50.47027503378, -130.84427012633031 50.46861084780821, -130.84696156278733 50.537643297420075))",False,image_directory_20190529_96,mask_directory_20190529_96
20190529_99,train,S2A_9UYR_20190529_0_L2A,2019-05-29,"POLYGON ((-126.22353834592882 49.75922143301064, -126.11704077731176 49.75661836131325, -126.12112636240417 49.68762810740147, -126.22747348892672 49.69022487307973, -126.22353834592882 49.75922143301064))",False,image_directory_20190529_99,mask_directory_20190529_99
20190531_121,train,S2B_10UDV_20190531_0_L2A,2019-05-31,"POLYGON ((-130.26511514893943 49.09313550633479, -130.1599408036674 49.094240394189846, -130.15833435571176 49.02516893243605, -130.26336313143955 49.024066714481826, -130.26511514893943 49.09313550633479))",False,image_directory_20190531_121,mask_directory_20190531_121
20190531_145,test,S2B_10UCV_20190531_0_L2A,2019-05-31,"POLYGON ((-131.65163428320477 49.41507317766499, -131.54585763037568 49.41745196849377, -131.54229234162088 49.34843840920045, -131.64792127585335 49.346065371367665, -131.65163428320477 49.41507317766499))",False,image_directory_20190531_145,mask_directory_20190531_145
20190615_144,test,S2A_10UDA_20190615_0_L2A,2019-06-15,"POLYGON ((-129.8687744499928 50.47998182119073, -129.7605408715302 50.480739354902596, -129.7594346703059 50.41167643918383, -129.86751086896356 50.41092075086864, -129.8687744499928 50.47998182119073))",False,image_directory_20190615_144,mask_directory_20190615_144
20190615_76,train,S2A_10UCV_20190615_0_L2A,2019-06-15,"POLYGON ((-131.45039886387588 49.62678528241335, -131.3441484052604 49.62898661226988, -131.3408408565637 49.559965215411495, -131.44694175488345 49.557769216279155, -131.45039886387588 49.62678528241335))",False,image_directory_20190615_76,mask_directory_20190615_76
20190720_171,val,S2B_10UDV_20190720_0_L2A,2019-07-20,"POLYGON ((-129.83857958909257 48.75158119980224, -129.734106846097 48.752294094182055, -129.73310225819964 48.683210029928446, -129.83743207376997 48.682498855706385, -129.83857958909257 48.75158119980224))",False,image_directory_20190720_171,mask_directory_20190720_171
20190721_176,val,S2A_9UYQ_20190721_0_L2A,2019-07-21,"POLYGON ((-125.30237751577192 49.24811620721975, -125.19708176009662 49.244693253709976, -125.20237303967886 49.17576153834107, -125.30752311406891 49.17917623005434, -125.30237751577192 49.24811620721975))",False,image_directory_20190721_176,mask_directory_20190721_176
20190721_56,train,S2A_9UXR_20190721_0_L2A,2019-07-21,"POLYGON ((-127.37432698558553 50.471870235477795, -127.26615018068891 50.470308635792115, -127.268670812238 50.40127112475613, -127.37669052623855 50.40282892177451, -127.37432698558553 50.471870235477795))",False,image_directory_20190721_56,mask_directory_20190721_56
20190804_36,train,S2A_10UCV_20190804_0_L2A,2019-08-04,"POLYGON ((-130.36624815948412 48.88471511302708, -130.26151557726158 48.885908604654425, -130.25978122662025 48.816837223494026, -130.364369925684 48.81564661291819, -130.36624815948412 48.88471511302708))",False,image_directory_20190804_36,mask_directory_20190804_36
20190805_80,train,S2B_9UYR_20190805_0_L2A,2019-08-05,"POLYGON ((-126.22747348892672 49.69022487307973, -126.12112636240417 49.68762810740147, -126.1251962397719 49.61863678060843, -126.23139350056691 49.62122725797835, -126.22747348892672 49.69022487307973))",False,image_directory_20190805_80,mask_directory_20190805_80
20190807_122,train,S2A_10UDA_20190807_0_L2A,2019-08-07,"POLYGON ((-129.8700429795918 50.54904204448916, -129.7616514051507 50.54980142895766, -129.7605408715302 50.480739354902596, -129.8687744499928 50.47998182119073, -129.8700429795918 50.54904204448916))",False,image_directory_20190807_122,mask_directory_20190807_122
20190807_18,train,S2A_9UYR_20190807_0_L2A,2019-08-07,"POLYGON ((-125.15934236090588 49.728795514416355, -125.05302862414632 49.72521647836325, -125.05861383466667 49.656302243545156, -125.16477804389937 49.659872620236534, -125.15934236090588 49.728795514416355))",True,image_directory_20190807_18,mask_directory_20190807_18
20190807_190,val,S2A_10UDB_20190807_0_L2A,2019-08-07,"POLYGON ((-130.41816923397977 50.75194769327693, -130.30932898336556 50.75322063502455, -130.3074061744288 50.684172911475365, -130.41608671349667 50.68290307586673, -130.41816923397977 50.75194769327693))",False,image_directory_20190807_190,mask_directory_20190807_190
20190807_81,train,S2A_10UDB_20190807_0_L2A,2019-08-07,"POLYGON ((-130.0900231414613 50.68640863150005, -129.98132189759875 50.687374485428144, -129.9798840944127 50.618318077427745, -130.08842614536755 50.6173545795149, -130.0900231414613 50.68640863150005))",False,image_directory_20190807_81,mask_directory_20190807_81
20190827_114,train,S2A_10UCV_20190827_0_L2A,2019-08-27,"POLYGON ((-130.5778654389746 48.951104022984055, -130.47300337189023 48.95249102696047, -130.4709735789061 48.88342653139165, -130.5756912874563 48.882042876327525, -130.5778654389746 48.951104022984055))",False,image_directory_20190827_114,mask_directory_20190827_114
20190827_123,train,S2A_10UCU_20190827_0_L2A,2019-08-27,"POLYGON ((-130.3587344156348 48.60681693325166, -130.25457743038822 48.60799888077396, -130.25286936946713 48.53892396790285, -130.35688465087512 48.537744870064095, -130.3587344156348 48.60681693325166))",False,image_directory_20190827_123,mask_directory_20190827_123
20190827_162,test,S2A_9UYR_20190827_0_L2A,2019-08-27,"POLYGON ((-126.11704077731176 49.75661836131325, -126.01055899495826 49.75391751744748, -126.0147949435164 49.684933805700545, -126.12112636240417 49.68762810740147, -126.11704077731176 49.75661836131325))",False,image_directory_20190827_162,mask_directory_20190827_162
20190827_72,train,S2A_10UCA_20190827_0_L2A,2019-08-27,"POLYGON ((-131.78493392901487 49.89719801487125, -131.6781184539687 49.899715982949814, -131.67430371052106 49.830715463024084, -131.7809675056921 49.828203600273625, -131.78493392901487 49.89719801487125))",False,image_directory_20190827_72,mask_directory_20190827_72
20190827_79,train,S2A_10UCV_20190827_0_L2A,2019-08-27,"POLYGON ((-131.23472726309154 49.562063997705465, -131.12860154744556 49.564065535604165, -131.1256048554415 49.49503322195153, -131.23158146030147 49.493036529963156, -131.23472726309154 49.562063997705465))",False,image_directory_20190827_79,mask_directory_20190827_79
20190827_8,train,S2A_9UYR_20190827_0_L2A,2019-08-27,"POLYGON ((-125.5701791979101 49.948995664984565, -125.46333176774317 49.94578322862888, -125.46837629296328 49.87683935226469, -125.57507206004699 49.880044002696344, -125.5701791979101 49.948995664984565))",True,image_directory_20190827_8,mask_directory_20190827_8
20190906_126,train,S2A_10UDV_20190906_0_L2A,2019-09-06,"POLYGON ((-130.1631721714057 49.2323807077563, -130.05769880636197 49.233394680740204, -130.05622674986702 49.16432250692569, -130.16155339879103 49.1633109859299, -130.1631721714057 49.2323807077563))",False,image_directory_20190906_126,mask_directory_20190906_126
20190906_153,test,S2A_10UCA_20190906_0_L2A,2019-09-06,"POLYGON ((-131.25071464079227 49.90880439716843, -131.1438311432251 49.91083048542201, -131.14077584947856 49.84180300855312, -131.2475073268067 49.83978183526193, -131.25071464079227 49.90880439716843))",False,image_directory_20190906_153,mask_directory_20190906_153
20190906_182,val,S2A_10UDV_20190906_0_L2A,2019-09-06,"POLYGON ((-130.26336313143955 49.024066714481826, -130.15833435571176 49.02516893243605, -130.15673402480672 48.956096600571826, -130.2616177849173 48.95499704518165, -130.26336313143955 49.024066714481826))",False,image_directory_20190906_182,mask_directory_20190906_182
20190906_73,train,S2A_9UYR_20190906_0_L2A,2019-09-06,"POLYGON ((-125.3512876632677 50.01140717529444, -125.24432785059035 50.00799000305391, -125.24969611329794 49.93906365500094, -125.35650387832956 49.94247254399866, -125.3512876632677 50.01140717529444))",False,image_directory_20190906_73,mask_directory_20190906_73
20190906_86,train,S2A_10UCB_20190906_0_L2A,2019-09-06,"POLYGON ((-130.63272561095894 50.61099722127771, -130.5242211402473 50.6124676147716, -130.52199398143796 50.543424617044714, -130.63034007339527 50.54195780767691, -130.63272561095894 50.61099722127771))",False,image_directory_20190906_86,mask_directory_20190906_86
20190928_107,train,S2B_10UCA_20190928_0_L2A,2019-09-28,"POLYGON ((-131.2443123811158 49.77075829587836, -131.13773233903143 49.7727745681, -131.13470055300274 49.703745164430956, -131.24112974192582 49.70173377945951, -131.2443123811158 49.77075829587836))",False,image_directory_20190928_107,mask_directory_20190928_107
20190928_195,val,S2B_10UDV_20190928_0_L2A,2019-09-28,"POLYGON ((-130.36461176654467 48.88473449265834, -130.25987907675338 48.88592649837927, -130.25814697454902 48.816855074022946, -130.36273578065757 48.81566594576871, -130.36461176654467 48.88473449265834))",False,image_directory_20190928_195,mask_directory_20190928_195
20190928_60,train,S2B_10UCV_20190928_0_L2A,2019-09-28,"POLYGON ((-130.79750956010844 49.22424997687768, -130.69208201575896 49.22584287208637, -130.68972788642066 49.15678895764742, -130.79500893992832 49.15519991316266, -130.79750956010844 49.22424997687768))",False,image_directory_20190928_60,mask_directory_20190928_60
20190929_117,train,S2A_9UYR_20190929_0_L2A,2019-09-29,"POLYGON ((-126.10882216889075 49.89459564668051, -126.00203792064691 49.89188166298838, -126.00630668135425 49.822900136894816, -126.11293940586515 49.82560754139166, -126.10882216889075 49.89459564668051))",False,image_directory_20190929_117,mask_directory_20190929_117
20190929_188,val,S2A_9UYR_20190929_0_L2A,2019-09-29,"POLYGON ((-125.36169996889305 49.87353669060245, -125.25504366857342 49.87013606141308, -125.2603706199349 49.801207224147745, -125.3668760355906 49.8045996168394, -125.36169996889305 49.87353669060245))",False,image_directory_20190929_188,mask_directory_20190929_188
20190929_6,train,S2A_9UYQ_20190929_0_L2A,2019-09-29,"POLYGON ((-124.86979695540464 49.37165707483057, -124.76429334720558 49.36783287345699, -124.77021137339162 49.29893920117078, -124.8755686082612 49.30275417125755, -124.86979695540464 49.37165707483057))",True,image_directory_20190929_6,mask_directory_20190929_6
20191009_69,train,S2A_9UXR_20191009_0_L2A,2019-10-09,"POLYGON ((-127.48251304279826 50.47333132111048, -127.37432698558553 50.471870235477795, -127.37669052623855 50.40282892177451, -127.48471944548726 50.4042864492768, -127.48251304279826 50.47333132111048))",False,image_directory_20191009_69,mask_directory_20191009_69
20200321_150,test,S2A_10UCA_20200321_1_L2A,2020-03-21,"POLYGON ((-130.51974092362994 50.473301907170324, -130.41154640225076 50.474664553619796, -130.40949390642274 50.40561643482138, -130.51753124677427 50.40425710696954, -130.51974092362994 50.473301907170324))",False,image_directory_20200321_150,mask_directory_20200321_150
20200321_160,test,S2A_10UDV_20200321_1_L2A,2020-03-21,"POLYGON ((-130.26687387025856 49.162203420798754, -130.16155339879103 49.1633109859299, -130.1599408036674 49.094240394189846, -130.26511514893943 49.09313550633479, -130.26687387025856 49.162203420798754))",False,image_directory_20200321_160,mask_directory_20200321_160
20200321_185,val,S2A_10UCA_20200321_1_L2A,2020-03-21,"POLYGON ((-130.73863718301166 50.53931154734361, -130.6303028733925 50.54087905966139, -130.62792679435228 50.471838727288436, -130.73610339996065 50.47027503378, -130.73863718301166 50.53931154734361))",False,image_directory_20200321_185,mask_directory_20200321_185
20200321_59,train,S2A_10UCV_20200321_1_L2A,2020-03-21,"POLYGON ((-130.5778654389746 48.951104022984055, -130.47300337189023 48.95249102696047, -130.4709735789061 48.88342653139165, -130.5756912874563 48.882042876327525, -130.5778654389746 48.951104022984055))",False,image_directory_20200321_59,mask_directory_20200321_59
20200413_116,train,S2A_9UYR_20200413_1_L2A,2020-04-13,"POLYGON ((-126.01901460852237 49.615949002703516, -125.91284917979793 49.61316395958212, -125.91720177646224 49.544184806574144, -126.0232180709109 49.546963109501284, -126.01901460852237 49.615949002703516))",False,image_directory_20200413_116,mask_directory_20200413_116
20200413_50,train,S2A_10UCV_20200413_1_L2A,2020-04-13,"POLYGON ((-131.7612721571526 49.481598496865345, -131.65536155972876 49.48407994882067, -131.65163428320477 49.41507317766499, -131.75739666694184 49.41259772857895, -131.7612721571526 49.481598496865345))",False,image_directory_20200413_50,mask_directory_20200413_50
20200416_15,train,S2A_9UYR_20200416_1_L2A,2020-04-16,"POLYGON ((-125.15934236090588 49.728795514416355, -125.05302862414632 49.72521647836325, -125.05861383466667 49.656302243545156, -125.16477804389937 49.659872620236534, -125.15934236090588 49.728795514416355))",True,image_directory_20200416_15,mask_directory_20200416_15
20200416_34,val,S2A_9UYR_20200416_1_L2A,2020-04-16,"POLYGON ((-125.36169996889305 49.87353669060245, -125.25504366857342 49.87013606141308, -125.2603706199349 49.801207224147745, -125.3668760355906 49.8045996168394, -125.36169996889305 49.87353669060245))",True,image_directory_20200416_34,mask_directory_20200416_34
20200416_55,train,S2A_9UYR_20200416_1_L2A,2020-04-16,"POLYGON ((-125.25504366857342 49.87013606141308, -125.1484079720491 49.8666375096811, -125.15388570526942 49.79771714488544, -125.2603706199349 49.801207224147745, -125.25504366857342 49.87013606141308))",False,image_directory_20200416_55,mask_directory_20200416_55
20200418_163,test,S2B_10UCB_20200418_0_L2A,2020-04-18,"POLYGON ((-130.4136391938059 50.544790643804355, -130.30527632846113 50.54605586941921, -130.30337351741986 50.477005566126095, -130.41157853615294 50.475743423456684, -130.4136391938059 50.544790643804355))",False,image_directory_20200418_163,mask_directory_20200418_163
20200418_84,train,S2B_10UCB_20200418_0_L2A,2020-04-18,"POLYGON ((-130.63034007339527 50.54195780767691, -130.52199398143796 50.543424617044714, -130.5197755183555 50.474380725077836, -130.627963849211 50.47291748943862, -130.63034007339527 50.54195780767691))",False,image_directory_20200418_84,mask_directory_20200418_84
20200727_49,train,S2B_10UCA_20200727_0_L2A,2020-07-27,"POLYGON ((-131.80499804996853 50.24215420271168, -131.69741533313228 50.24470295921284, -131.69352595167516 50.17570764968019, -131.80095403128627 50.17316508607871, -131.80499804996853 50.24215420271168))",False,image_directory_20200727_49,mask_directory_20200727_49
20200730_109,train,S2B_9UYR_20200730_1_L2A,2020-07-30,"POLYGON ((-125.75130249036899 50.43785942675525, -125.6433382207938 50.434791846908624, -125.64820989300821 50.36584075588097, -125.7560181512558 50.36890087672561, -125.75130249036899 50.43785942675525))",False,image_directory_20200730_109,mask_directory_20200730_109
20200730_12,train,S2B_9UYR_20200730_1_L2A,2020-07-30,"POLYGON ((-125.24969611329794 49.93906365500094, -125.14290905557874 49.9355566068297, -125.1484079720491 49.8666375096811, -125.25504366857342 49.87013606141308, -125.24969611329794 49.93906365500094))",True,image_directory_20200730_12,mask_directory_20200730_12
20200730_120,train,S2B_9UYR_20200730_1_L2A,2020-07-30,"POLYGON ((-126.01901460852237 49.615949002703516, -125.91284917979793 49.61316395958212, -125.91720177646224 49.544184806574144, -126.0232180709109 49.546963109501284, -126.01901460852237 49.615949002703516))",False,image_directory_20200730_120,mask_directory_20200730_120
20200730_19,train,S2B_9UYR_20200730_1_L2A,2020-07-30,"POLYGON ((-124.77422016990548 50.4755358450304, -124.6662933158132 50.47156013735383, -124.67258884117722 50.402688440857844, -124.78036006214414 50.406654489895594, -124.77422016990548 50.4755358450304))",True,image_directory_20200730_19,mask_directory_20200730_19
20200730_38,train,S2B_9UXR_20200730_1_L2A,2020-07-30,"POLYGON ((-126.95945743161454 50.05085886850797, -126.85225592159479 50.04892391075627, -126.85533176792475 49.97989826173253, -126.96238001755762 49.98182852133666, -126.95945743161454 50.05085886850797))",False,image_directory_20200730_38,mask_directory_20200730_38
20200816_105,train,S2B_9UYQ_20200816_0_L2A,2020-08-16,"POLYGON ((-125.29721221616936 49.317054957022094, -125.19177022499193 49.31362371885668, -125.19708176009662 49.244693253709976, -125.30237751577192 49.24811620721975, -125.29721221616936 49.317054957022094))",False,image_directory_20200816_105,mask_directory_20200816_105
20200816_87,train,S2B_10UDV_20200816_1_L2A,2020-08-16,"POLYGON ((-130.048950186963 48.818948688075864, -129.94434329740662 48.819853146986816, -129.94304796425834 48.75077360944212, -130.0475114278465 48.7498713334538, -130.048950186963 48.818948688075864))",False,image_directory_20200816_87,mask_directory_20200816_87
20200828_201,val,S2A_10UCV_20200828_0_L2A,2020-08-28,"POLYGON ((-131.55302938550602 49.555476029135626, -131.44694175488345 49.557769216279155, -131.4434979136637 49.488752145273395, -131.549436622299 49.4864645086965, -131.55302938550602 49.555476029135626))",False,image_directory_20200828_201,mask_directory_20200828_201
20200905_52,train,S2B_10UDB_20200905_1_L2A,2020-09-05,"POLYGON ((-129.87518726803498 50.82635347941536, -129.7661549717574 50.827120350393976, -129.76502681558162 50.75806165302835, -129.87389860953527 50.75729665462393, -129.87518726803498 50.82635347941536))",False,image_directory_20200905_52,mask_directory_20200905_52
20200905_75,train,S2B_9UYR_20200905_1_L2A,2020-09-05,"POLYGON ((-124.78036006214414 50.406654489895594, -124.67258884117722 50.402688440857844, -124.6788599073965 50.33381535362383, -124.78647609491422 50.337771771769056, -124.78036006214414 50.406654489895594))",False,image_directory_20200905_75,mask_directory_20200905_75
20200907_169,test,S2A_10UCA_20200907_1_L2A,2020-09-07,"POLYGON ((-130.94958843003886 50.39781711139944, -130.84158918294517 50.39957747079005, -130.83891867926633 50.33054316652473, -130.94676155037973 50.3287870912637, -130.94958843003886 50.39781711139944))",False,image_directory_20200907_169,mask_directory_20200907_169
20200908_134,train,S2B_9UXR_20200908_1_L2A,2020-09-08,"POLYGON ((-126.32028067944972 49.9687669997153, -126.21331262354327 49.96624496182609, -126.21729123871425 49.89725147508932, -126.32410702760176 49.89976739528831, -126.32028067944972 49.9687669997153))",False,image_directory_20200908_134,mask_directory_20200908_134
20200908_98,train,S2B_9UYQ_20200908_1_L2A,2020-09-08,"POLYGON ((-125.3925782539561 49.458280132953284, -125.28682212315464 49.454928767448685, -125.29202711795432 49.38599247769147, -125.3976357980326 49.38933574453629, -125.3925782539561 49.458280132953284))",False,image_directory_20200908_98,mask_directory_20200908_98
20220714_118,train,S2B_10UCV_20220714_0_L2A,2022-07-14,"POLYGON ((-130.79750956010844 49.22424997687768, -130.69208201575896 49.22584287208637, -130.68972788642066 49.15678895764742, -130.79500893992832 49.15519991316266, -130.79750956010844 49.22424997687768))",False,image_directory_20220714_118,mask_directory_20220714_118
20220714_164,test,S2B_10UCV_20220714_0_L2A,2022-07-14,"POLYGON ((-131.33754600309172 49.49094282859376, -131.23158146030147 49.493036529963156, -131.22844771964967 49.42400808695786, -131.33426378190975 49.421919452331444, -131.33754600309172 49.49094282859376))",False,image_directory_20220714_164,mask_directory_20220714_164
20220722_167,test,S2A_9UYR_20220722_0_L2A,2022-07-22,"POLYGON ((-125.5848012933735 49.742137152425435, -125.47840711109475 49.73894800799162, -125.4833935974753 49.67000054328374, -125.58963785229653 49.67318196741235, -125.5848012933735 49.742137152425435))",False,image_directory_20220722_167,mask_directory_20220722_167
20220725_156,test,S2A_9UXR_20220725_0_L2A,2022-07-25,"POLYGON ((-126.8398324290912 50.32501685914232, -126.73202409901268 50.32296306630359, -126.73530370385289 50.25394627193798, -126.84295644009124 50.2559950699378, -126.8398324290912 50.32501685914232))",False,image_directory_20220725_156,mask_directory_20220725_156
20220725_17,train,S2A_9UXR_20220725_0_L2A,2022-07-25,"POLYGON ((-126.33549777398379 49.69276234410219, -126.22913528434003 49.69026467345299, -126.23305295372381 49.62126696196615, -126.33926550124697 49.62375858363573, -126.33549777398379 49.69276234410219))",True,image_directory_20220725_17,mask_directory_20220725_17
20220725_194,val,S2A_9UXR_20220725_0_L2A,2022-07-25,"POLYGON ((-126.41242431786706 50.24720216975947, -126.30482613670658 50.24475500022902, -126.3087122957306 50.17575956424168, -126.4161557615768 50.17820078707396, -126.41242431786706 50.24720216975947))",False,image_directory_20220725_194,mask_directory_20220725_194
20220725_64,train,S2A_9UYR_20220725_0_L2A,2022-07-25,"POLYGON ((-125.27096312143453 49.66334582596361, -125.16477804389937 49.659872620236534, -125.1701928584716 49.59094846429792, -125.27622887507313 49.594413268709154, -125.27096312143453 49.66334582596361))",False,image_directory_20220725_64,mask_directory_20220725_64
20220730_28,test,S2B_9UYR_20220730_0_L2A,2022-07-30,"POLYGON ((-125.7607154787941 50.29994118390697, -125.65306262838969 50.29688850061719, -125.65789652279332 50.22793508254463, -125.7653945658079 50.23098034961218, -125.7607154787941 50.29994118390697))",True,image_directory_20220730_28,mask_directory_20220730_28
20220801_154,test,S2A_10UCA_20220801_0_L2A,2022-08-01,"POLYGON ((-131.34754668578682 49.69962467254448, -131.24112974192582 49.70173377945951, -131.23795934786818 49.63270828644662, -131.34422607870374 49.63060428938158, -131.34754668578682 49.69962467254448))",False,image_directory_20220801_154,mask_directory_20220801_154
20220801_159,test,S2A_9UYR_20220801_0_L2A,2022-08-01,"POLYGON ((-126.20764493725278 50.035197103814006, -126.10053977891575 50.03256862904429, -126.1046889866662 49.96358267621956, -126.21164136855504 49.96620477318144, -126.20764493725278 50.035197103814006))",False,image_directory_20220801_159,mask_directory_20220801_159
20220801_24,test,S2A_9UYR_20220801_0_L2A,2022-08-01,"POLYGON ((-125.97607529975805 50.30574779947244, -125.8683865696154 50.30289429674448, -125.8729107570619 50.233926287225614, -125.9804444984755 50.236772855913266, -125.97607529975805 50.30574779947244))",True,image_directory_20220801_24,mask_directory_20220801_24
20220801_5,train,S2A_9UYR_20220801_0_L2A,2022-08-01,"POLYGON ((-125.7607154787941 50.29994118390697, -125.65306262838969 50.29688850061719, -125.65789652279332 50.22793508254463, -125.7653945658079 50.23098034961218, -125.7607154787941 50.29994118390697))",True,image_directory_20220801_5,mask_directory_20220801_5
20220808_173,val,S2A_10UCV_20220808_1_L2A,2022-08-08,"POLYGON ((-130.59108606844035 49.365451930188854, -130.48534619449734 49.36685922256808, -130.48326933293248 49.29780009222059, -130.5888615044706 49.296396204691675, -130.59108606844035 49.365451930188854))",False,image_directory_20220808_173,mask_directory_20220808_173
20220808_178,val,S2A_10UCA_20220808_0_L2A,2022-08-08,"POLYGON ((-130.84427012633031 50.46861084780821, -130.73610339996065 50.47027503378, -130.7335794962074 50.40123760456588, -130.84158918294517 50.39957747079005, -130.84427012633031 50.46861084780821))",False,image_directory_20220808_178,mask_directory_20220808_178
20220808_192,val,S2A_10UCV_20220808_1_L2A,2022-08-08,"POLYGON ((-130.68040073731856 48.880564165634986, -130.5756912874563 48.882042876327525, -130.57352539467144 48.81298082641985, -130.67809107403681 48.81150568472108, -130.68040073731856 48.880564165634986))",False,image_directory_20220808_192,mask_directory_20220808_192
20220809_13,train,S2B_9UYR_20220809_0_L2A,2022-08-09,"POLYGON ((-124.85221166591536 49.57997261604244, -124.74626210937818 49.57612034802069, -124.7522490749777 49.50723077309362, -124.85805056643485 49.51107373193187, -124.85221166591536 49.57997261604244))",True,image_directory_20220809_13,mask_directory_20220809_13
20220809_155,test,S2B_9UXS_20220809_0_L2A,2022-08-09,"POLYGON ((-127.15255415233162 50.60778930097089, -127.04407939888208 50.60601805011487, -127.04693647743055 50.53699077173371, -127.15525300386612 50.538757705995245, -127.15255415233162 50.60778930097089))",False,image_directory_20220809_155,mask_directory_20220809_155
20220809_191,val,S2B_10UCA_20220809_0_L2A,2022-08-09,"POLYGON ((-130.84696156278733 50.537643297420075, -130.73863718301166 50.53931154734361, -130.73610339996065 50.47027503378, -130.84427012633031 50.46861084780821, -130.84696156278733 50.537643297420075))",False,image_directory_20220809_191,mask_directory_20220809_191
20220809_21,test,S2B_9UYR_20220809_0_L2A,2022-08-09,"POLYGON ((-125.58963785229653 49.67318196741235, -125.4833935974753 49.67000054328374, -125.48836092993919 49.60105188564833, -125.59445583014147 49.604225611114565, -125.58963785229653 49.67318196741235))",True,image_directory_20220809_21,mask_directory_20220809_21
20220809_23,test,S2B_9UYR_20220809_0_L2A,2022-08-09,"POLYGON ((-125.4833935974753 49.67000054328374, -125.37716849646142 49.66672181510068, -125.38228508846116 49.59778109054588, -125.48836092993919 49.60105188564833, -125.4833935974753 49.67000054328374))",True,image_directory_20220809_23,mask_directory_20220809_23
20220816_4,train,S2B_9UYQ_20220816_0_L2A,2022-08-16,"POLYGON ((-125.6041482479572 49.46469315711875, -125.49835381680029 49.46153494367798, -125.50326381426284 49.39258268887598, -125.60891060567182 49.39573326840127, -125.6041482479572 49.46469315711875))",True,image_directory_20220816_4,mask_directory_20220816_4
20220824_193,val,S2A_9UXR_20220824_0_L2A,2022-08-24,"POLYGON ((-127.05829770719795 50.25979364476499, -126.95062130898529 50.2579442029406, -126.95357813500571 50.18891670960556, -127.06109942268336 50.190761654813805, -127.05829770719795 50.25979364476499))",False,image_directory_20220824_193,mask_directory_20220824_193
20220831_111,train,S2A_9UYR_20220831_0_L2A,2022-08-31,"POLYGON ((-125.36169996889305 49.87353669060245, -125.25504366857342 49.87013606141308, -125.2603706199349 49.801207224147745, -125.3668760355906 49.8045996168394, -125.36169996889305 49.87353669060245))",False,image_directory_20220831_111,mask_directory_20220831_111
20220831_202,val,S2A_10UCA_20220831_0_L2A,2022-08-31,"POLYGON ((-131.57128820130544 49.902135636672675, -131.46444375709842 49.904456943937156, -131.46093259223022 49.835444926865776, -131.5676252116484 49.83312924920604, -131.57128820130544 49.902135636672675))",False,image_directory_20220831_202,mask_directory_20220831_202
20220831_29,val,S2A_9UYR_20220831_0_L2A,2022-08-31,"POLYGON ((-126.21164136855504 49.96620477318144, -126.1046889866662 49.96358267621956, -126.10882216889075 49.89459564668051, -126.21562236229248 49.89721138392485, -126.21164136855504 49.96620477318144))",True,image_directory_20220831_29,mask_directory_20220831_29
20220831_45,train,S2A_10UCA_20220831_0_L2A,2022-08-31,"POLYGON ((-131.2475073268067 49.83978183526193, -131.14077584947856 49.84180300855312, -131.13773233903143 49.7727745681, -131.2443123811158 49.77075829587836, -131.2475073268067 49.83978183526193))",False,image_directory_20220831_45,mask_directory_20220831_45
20220907_68,train,S2A_10UCV_20220907_0_L2A,2022-09-07,"POLYGON ((-130.88719559812046 48.808270999094304, -130.7826479900508 48.809935735563236, -130.78020390714704 48.74088012954327, -130.88460837742664 48.73921940929897, -130.88719559812046 48.808270999094304))",False,image_directory_20220907_68,mask_directory_20220907_68
20220920_11,train,S2A_9UXR_20220920_0_L2A,2022-09-20,"POLYGON ((-126.300924835124 50.31374939214619, -126.19318655713849 50.311196502838385, -126.19724309801543 50.24220831658002, -126.30482613670658 50.24475500022902, -126.300924835124 50.31374939214619))",True,image_directory_20220920_11,mask_directory_20220920_11
20220920_141,test,S2A_9UYR_20220920_0_L2A,2022-09-20,"POLYGON ((-125.26567707018853 49.732277145052215, -125.15934236090588 49.728795514416355, -125.16477804389937 49.659872620236534, -125.27096312143453 49.66334582596361, -125.26567707018853 49.732277145052215))",False,image_directory_20220920_141,mask_directory_20220920_141
20220920_25,test,S2A_9UYR_20220920_0_L2A,2022-09-20,"POLYGON ((-125.46333176774317 49.94578322862888, -125.35650387832956 49.94247254399866, -125.36169996889305 49.87353669060245, -125.46837629296328 49.87683935226469, -125.46333176774317 49.94578322862888))",True,image_directory_20220920_25,mask_directory_20220920_25
20220920_62,train,S2A_9UXR_20220920_0_L2A,2022-09-20,"POLYGON ((-126.94765295357813 50.32697074440597, -126.8398324290912 50.32501685914232, -126.84295644009124 50.2559950699378, -126.95062130898529 50.2579442029406, -126.94765295357813 50.32697074440597))",False,image_directory_20220920_62,mask_directory_20220920_62
20220920_83,train,S2A_9UXR_20220920_0_L2A,2022-09-20,"POLYGON ((-126.84295644009124 50.2559950699378, -126.73530370385289 50.25394627193798, -126.73857057305507 50.18492849773559, -126.84606831836393 50.18697231522657, -126.84295644009124 50.2559950699378))",False,image_directory_20220920_83,mask_directory_20220920_83
20220920_85,train,S2A_9UYR_20220920_0_L2A,2022-09-20,"POLYGON ((-125.37203217836218 49.73566132443381, -125.26567707018853 49.732277145052215, -125.27096312143453 49.66334582596361, -125.37716849646142 49.66672181510068, -125.37203217836218 49.73566132443381))",False,image_directory_20220920_85,mask_directory_20220920_85
20220925_128,train,S2B_9UYQ_20220925_0_L2A,2022-09-25,"POLYGON ((-125.80680623157535 49.60866516531376, -125.70067842249868 49.605685871977926, -125.70532861640851 49.5367208757779, -125.81130747378104 49.53969296056276, -125.80680623157535 49.60866516531376))",False,image_directory_20220925_128,mask_directory_20220925_128
20220927_133,train,S2A_10UDV_20220927_0_L2A,2022-09-27,"POLYGON ((-130.25814697454902 48.816855074022946, -130.15355159469712 48.817949326142816, -130.15196943627072 48.748874383402104, -130.25642144612416 48.74778277206414, -130.25814697454902 48.816855074022946))",False,image_directory_20220927_133,mask_directory_20220927_133
20221002_184,val,S2B_10UDA_20221002_0_L2A,2022-10-02,"POLYGON ((-129.8687744499928 50.47998182119073, -129.7605408715302 50.480739354902596, -129.7594346703059 50.41167643918383, -129.86751086896356 50.41092075086864, -129.8687744499928 50.47998182119073))",False,image_directory_20221002_184,mask_directory_20221002_184
20221002_94,train,S2B_10UDU_20221002_0_L2A,2022-10-02,"POLYGON ((-129.93788566570646 48.47282773585319, -129.8339889843084 48.47362751823729, -129.83285882993277 48.40454174190737, -129.93661476637655 48.40374388699589, -129.93788566570646 48.47282773585319))",False,image_directory_20221002_94,mask_directory_20221002_94
20221003_170,val,S2A_9UYR_20221003_0_L2A,2022-10-03,"POLYGON ((-125.47340137505778 49.80789427818403, -125.3668760355906 49.8045996168394, -125.37203217836218 49.73566132443381, -125.47840711109475 49.73894800799162, -125.47340137505778 49.80789427818403))",False,image_directory_20221003_170,mask_directory_20221003_170
20221008_161,test,S2B_9UXR_20221008_0_L2A,2022-10-08,"POLYGON ((-126.5092231510031 50.45656499061053, -126.40114244090718 50.45420015315819, -126.40491773175115 50.38520185350169, -126.51284183944938 50.387560936111214, -126.5092231510031 50.45656499061053))",False,image_directory_20221008_161,mask_directory_20221008_161
20221008_165,test,S2B_10UCA_20221008_0_L2A,2022-10-08,"POLYGON ((-131.35088011677016 49.76864406470351, -131.2443123811158 49.77075829587836, -131.24112974192582 49.70173377945951, -131.34754668578682 49.69962467254448, -131.35088011677016 49.76864406470351))",False,image_directory_20221008_165,mask_directory_20221008_165
20221008_189,val,S2B_9UXR_20221008_0_L2A,2022-10-08,"POLYGON ((-126.41242431786706 50.24720216975947, -126.30482613670658 50.24475500022902, -126.3087122957306 50.17575956424168, -126.4161557615768 50.17820078707396, -126.41242431786706 50.24720216975947))",False,image_directory_20221008_189,mask_directory_20221008_189
20221015_104,train,S2B_10UDA_20221015_0_L2A,2022-10-15,"POLYGON ((-129.97700307991528 50.47912366358803, -129.8687744499928 50.47998182119073, -129.86751086896356 50.41092075086864, -129.97558214427204 50.410064683717394, -129.97700307991528 50.47912366358803))",False,image_directory_20221015_104,mask_directory_20221015_104
20221015_143,test,S2B_9UYR_20221015_0_L2A,2022-10-15,"POLYGON ((-125.36169996889305 49.87353669060245, -125.25504366857342 49.87013606141308, -125.2603706199349 49.801207224147745, -125.3668760355906 49.8045996168394, -125.36169996889305 49.87353669060245))",False,image_directory_20221015_143,mask_directory_20221015_143
20221015_157,test,S2B_10UCV_20221015_0_L2A,2022-10-15,"POLYGON ((-131.23158146030147 49.493036529963156, -131.1256048554415 49.49503322195153, -131.12261965501298 49.425999946564524, -131.22844771964967 49.42400808695786, -131.23158146030147 49.493036529963156))",False,image_directory_20221015_157,mask_directory_20221015_157
20221015_175,val,S2B_9UXR_20221015_0_L2A,2022-10-15,"POLYGON ((-126.42726357513628 49.97119048410589, -126.32028067944972 49.9687669997153, -126.32410702760176 49.89976739528831, -126.43093758190167 49.90218500044956, -126.42726357513628 49.97119048410589))",False,image_directory_20221015_175,mask_directory_20221015_175
20221015_181,val,S2B_10UDB_20221015_0_L2A,2022-10-15,"POLYGON ((-130.3074061744288 50.684172911475365, -130.19871810878593 50.68534143533114, -130.1969619519164 50.61628998645416, -130.30549089211266 50.615124312730494, -130.3074061744288 50.684172911475365))",False,image_directory_20221015_181,mask_directory_20221015_181
20221015_65,train,S2B_9UYR_20221015_0_L2A,2022-10-15,"POLYGON ((-126.21562236229248 49.89721138392485, -126.10882216889075 49.89459564668051, -126.11293940586515 49.82560754139166, -126.21958799581242 49.82821693691288, -126.21562236229248 49.89721138392485))",False,image_directory_20221015_65,mask_directory_20221015_65
20221015_78,train,S2B_9UXR_20221015_0_L2A,2022-10-15,"POLYGON ((-126.62766370317739 50.251797836455616, -126.52003704052083 50.24954979233711, -126.52361369547198 50.18054270428577, -126.63108549894987 50.182785284518225, -126.62766370317739 50.251797836455616))",False,image_directory_20221015_78,mask_directory_20221015_78
20221016_125,train,S2A_9UXS_20221016_0_L2A,2022-10-16,"POLYGON ((-127.04693647743055 50.53699077173371, -126.9386311023233 50.53512314213458, -126.94163458308695 50.46609947293854, -127.04978240458392 50.46796255352317, -127.04693647743055 50.53699077173371))",False,image_directory_20221016_125,mask_directory_20221016_125
20221117_10,train,S2B_9UYQ_20221117_0_L2A,2022-11-17,"POLYGON ((-125.3925782539561 49.458280132953284, -125.28682212315464 49.454928767448685, -125.29202711795432 49.38599247769147, -125.3976357980326 49.38933574453629, -125.3925782539561 49.458280132953284))",True,image_directory_20221117_10,mask_directory_20221117_10
20221117_136,test,S2B_9UXR_20221117_0_L2A,2022-11-17,"POLYGON ((-126.94765295357813 50.32697074440597, -126.8398324290912 50.32501685914232, -126.84295644009124 50.2559950699378, -126.95062130898529 50.2579442029406, -126.94765295357813 50.32697074440597))",False,image_directory_20221117_136,mask_directory_20221117_136
20221117_196,val,S2B_9UYR_20221117_0_L2A,2022-11-17,"POLYGON ((-125.58963785229653 49.67318196741235, -125.4833935974753 49.67000054328374, -125.48836092993919 49.60105188564833, -125.59445583014147 49.604225611114565, -125.58963785229653 49.67318196741235))",False,image_directory_20221117_196,mask_directory_20221117_196
